Div,Date,HomeTeam,AwayTeam,HTOa,ATOa,HTAt,ATAt,HTMid,ATMid,HTDef,ATDef,HomeSquad,AwaySquad,HomeAvgAge,AwayAvgAge,HomeMV,AwayMV,FTHG,FTAG,FTR,HTHG,HTAG,HTR,HS,AS,HST,AST,HF,AF,HC,AC,HY,AY,HR,AR,HxG,AxG,HxA,AxA,HxPTS,AxPTS,HPPDA,APPDA,B365H,B365D,B365A,BWH,BWD,BWA,IWH,IWD,IWA,PSH,PSD,PSA,WHH,WHD,WHA,VCH,VCD,VCA,PSCH,PSCD,PSCA
E0,2021-08-13,Brentford,Arsenal,73,79,73,82,73,80,74,77,38,41,24,23,273.3,613.05,2,0,H,1,0,H,8,22,3,4,12,8,2,5,0,0,0,0,1.89,1.02,0.95,0.86,2.12,0.66,16.11,5.77,4.0,3.4,1.95,4.0,3.5,1.95,3.8,3.4,2.05,4.05,3.46,2.05,4.0,3.4,1.9,4.1,3.4,2.0,3.94,3.33,2.13
E0,2021-08-14,Manchester United,Leeds,83,76,83,78,84,77,83,76,43,35,25,23,769.15,299.45,5,1,H,1,0,H,16,10,8,3,11,9,5,4,1,2,0,0,1.64,0.57,1.59,0.51,2.22,0.55,12.59,7.24,1.53,4.5,5.75,1.53,4.5,5.75,1.55,4.4,5.75,1.56,4.57,5.96,1.52,4.33,5.8,1.55,4.4,6.0,1.67,4.2,5.4
E0,2021-08-14,Burnley,Brighton,76,75,75,75,76,75,77,76,35,43,27,24,138.05,318.0,1,2,A,1,0,H,14,14,3,8,10,7,7,6,2,1,0,0,1.8,1.69,0.97,1.56,1.46,1.26,17.89,7.93,3.1,3.1,2.45,3.2,3.1,2.4,3.15,3.05,2.45,3.3,3.12,2.51,3.2,3.0,2.45,3.13,3.1,2.45,3.27,3.14,2.51
E0,2021-08-14,Chelsea,Crystal Palace,83,76,84,77,85,75,82,74,44,33,25,25,914.5,271.05,3,0,H,2,0,H,13,4,6,1,15,11,5,2,0,0,0,0,1.19,0.32,0.32,0.32,2.2,0.51,6.6,71.0,1.25,5.75,13.0,1.28,5.75,10.5,1.25,6.0,13.0,1.26,6.24,12.74,1.25,5.5,13.0,1.25,5.75,13.0,1.34,5.4,11.0
E0,2021-08-14,Everton,Southampton,79,76,80,76,79,76,79,76,42,33,25,25,479.05,274.3,3,1,H,0,1,A,14,6,6,3,13,15,6,8,2,0,0,0,2.39,0.58,2.25,0.51,2.63,0.25,6.87,5.59,1.9,3.5,4.0,1.95,3.5,3.9,1.95,3.45,3.95,2.01,3.56,4.1,1.95,3.4,4.0,1.95,3.4,4.1,2.05,3.45,4.07
E0,2021-08-14,Leicester,Wolverhampton Wanderers,80,78,82,78,81,79,79,78,40,38,25,24,526.549999,376.95,1,0,H,1,0,H,9,17,5,3,6,10,5,4,1,2,0,0,0.67,1.33,0.61,1.09,0.78,1.95,11.5,20.26,1.66,3.8,5.25,1.67,3.9,5.25,1.7,3.75,5.25,1.73,3.79,5.47,1.7,3.6,5.25,1.7,3.7,5.25,1.76,3.77,5.22
E0,2021-08-14,Watford,Aston Villa,75,78,75,79,74,77,74,77,47,44,25,24,156.2,487.75,3,2,H,2,0,H,13,11,7,2,18,13,2,4,3,1,0,0,1.35,1.14,1.22,0.26,1.48,1.2,14.43,6.5,3.1,3.2,2.37,3.25,3.3,2.3,3.05,3.25,2.4,3.18,3.31,2.47,3.2,3.1,2.38,3.1,3.25,2.38,3.68,3.35,2.21
E0,2021-08-14,Norwich,Liverpool,74,84,76,86,73,83,73,85,45,49,24,24,163.2,918.9,0,3,A,0,1,A,14,19,3,8,4,14,3,11,1,1,0,0,1.33,1.79,1.26,1.57,1.03,1.71,25.67,11.58,9.0,5.75,1.3,9.0,6.0,1.3,7.75,5.5,1.35,8.35,5.86,1.36,9.0,5.25,1.32,9.5,5.5,1.3,7.0,4.9,1.48
E0,2021-08-15,Newcastle United,West Ham,76,79,78,79,75,78,74,78,34,36,27,26,313.9,354.9,2,4,A,2,1,H,17,8,3,9,4,3,7,6,1,0,0,0,1.68,3.01,1.38,1.95,0.55,2.27,24.5,11.62,3.2,3.5,2.2,3.3,3.4,2.2,3.15,3.45,2.25,3.21,3.59,2.32,3.1,3.4,2.25,3.25,3.4,2.25,3.46,3.55,2.21
E0,2021-08-15,Tottenham,Manchester City,82,85,86,85,80,87,80,85,45,39,23,24,689.35,1000.0,1,0,H,0,0,D,13,18,3,4,11,8,3,11,2,1,0,0,1.06,2.11,0.4,1.36,0.65,2.13,17.29,6.14,5.5,4.2,1.6,5.25,4.25,1.6,5.25,4.1,1.63,5.56,4.09,1.67,5.5,4.0,1.6,5.5,4.0,1.62,5.97,4.25,1.61
E0,2021-08-21,Liverpool,Burnley,84,76,86,75,83,76,85,77,49,35,24,27,918.9,138.05,2,0,H,1,0,H,27,9,9,3,6,12,8,4,0,0,0,0,2.64,0.69,2.47,0.67,2.57,0.3,7.0,12.73,1.18,7.5,13.0,1.2,7.0,13.5,1.22,6.5,13.0,1.21,6.98,15.68,1.2,6.5,15.0,1.2,7.0,15.0,1.25,6.75,13.5
E0,2021-08-21,Aston Villa,Newcastle United,78,76,79,78,77,75,77,74,44,34,24,27,487.75,313.9,2,0,H,1,0,H,10,9,2,1,8,18,3,4,3,4,0,0,1.18,0.63,0.36,0.63,1.94,0.74,14.43,8.82,1.8,3.75,4.33,1.8,3.9,4.25,1.83,3.8,4.1,1.83,3.99,4.4,1.8,3.75,4.2,1.8,3.75,4.5,1.87,3.83,4.39
E0,2021-08-21,Crystal Palace,Brentford,76,73,77,73,75,73,74,74,33,38,25,24,271.05,273.3,0,0,D,0,0,D,7,14,2,3,12,9,3,5,3,1,0,0,0.61,0.71,0.59,0.61,1.21,1.4,9.2,8.17,2.55,3.2,2.87,2.6,3.2,2.8,2.6,3.15,2.9,2.65,3.28,2.95,2.55,3.1,2.88,2.6,3.13,2.9,2.68,3.2,2.97
E0,2021-08-21,Leeds,Everton,76,79,78,80,77,79,76,79,35,42,23,25,299.45,479.05,2,2,D,1,1,D,17,17,4,8,6,13,8,5,2,4,0,0,0.97,1.86,0.84,1.08,0.64,2.12,5.43,17.0,2.37,3.4,3.0,2.35,3.4,3.0,2.35,3.45,3.0,2.39,3.51,3.14,2.35,3.3,3.0,2.3,3.6,3.0,2.15,3.52,3.65
E0,2021-08-21,Manchester City,Norwich,85,74,85,76,87,73,85,73,39,45,24,24,1000.0,163.2,5,0,H,2,0,H,16,1,4,0,13,7,6,1,1,0,0,0,2.44,0.03,2.14,0.0,2.92,0.04,7.62,27.58,1.08,11.0,26.0,1.11,9.5,23.0,1.12,9.5,22.0,1.11,11.28,26.2,1.08,10.0,26.0,1.09,10.5,26.0,1.13,10.0,26.0
E0,2021-08-21,Brighton,Watford,75,75,75,75,75,74,76,74,43,47,24,25,318.0,156.2,2,0,H,2,0,H,13,10,3,1,11,6,7,2,4,0,0,0,1.78,0.41,0.66,0.41,2.51,0.33,12.67,25.87,1.7,3.5,5.75,1.75,3.3,5.75,1.75,3.5,5.25,1.75,3.55,5.8,1.7,3.4,5.5,1.7,3.6,5.5,1.78,3.55,5.6
E0,2021-08-22,Southampton,Manchester United,76,83,76,83,76,84,76,83,33,43,25,25,274.3,769.15,1,1,D,1,0,H,8,15,3,4,12,10,7,7,2,3,0,0,0.59,2.26,0.48,1.44,0.28,2.58,8.87,9.07,5.5,4.2,1.57,5.0,4.33,1.62,5.25,4.2,1.6,5.32,4.41,1.64,5.5,4.0,1.6,5.75,4.1,1.57,5.7,4.45,1.61
E0,2021-08-22,Wolverhampton Wanderers,Tottenham,78,82,78,86,79,80,78,80,38,45,24,23,376.95,689.35,0,1,A,0,1,A,25,8,6,6,9,7,5,4,1,4,0,0,1.51,1.73,1.47,0.81,1.14,1.59,7.37,13.76,3.2,3.2,2.35,3.3,3.2,2.3,3.15,3.1,2.45,3.25,3.15,2.52,3.2,3.0,2.4,3.13,3.2,2.4,2.95,3.09,2.79
E0,2021-08-22,Arsenal,Chelsea,79,83,82,84,80,85,77,82,41,44,23,25,613.05,914.5,0,2,A,0,2,A,6,22,3,5,10,4,9,8,3,0,0,0,0.63,3.64,0.63,3.45,0.07,2.89,16.35,10.4,4.75,3.75,1.72,4.75,3.75,1.75,4.8,3.75,1.73,4.9,3.83,1.79,4.75,3.6,1.75,5.0,3.6,1.75,4.5,3.56,1.93
E0,2021-08-23,West Ham,Leicester,79,80,79,82,78,81,78,79,36,40,26,25,354.9,526.549999,4,1,H,1,0,H,13,5,7,1,8,8,10,0,0,1,0,1,2.29,0.63,2.17,0.17,2.5,0.34,23.36,12.91,2.5,3.5,2.75,2.6,3.5,2.6,2.55,3.4,2.75,2.61,3.51,2.82,2.6,3.3,2.7,2.55,3.5,2.7,2.52,3.5,2.95
E0,2021-08-28,Manchester City,Arsenal,85,79,85,82,87,80,85,77,39,41,24,23,1000.0,613.05,5,0,H,3,0,H,25,1,10,0,5,7,14,0,1,2,0,1,4.47,0.12,3.81,0.12,2.99,0.01,5.06,52.14,1.25,6.0,12.0,1.25,6.25,11.5,1.27,6.0,11.0,1.26,6.28,12.59,1.24,5.8,12.0,1.25,6.0,13.0,1.36,5.2,10.5
E0,2021-08-28,Aston Villa,Brentford,78,73,79,73,77,73,77,74,44,38,24,24,487.75,273.3,1,1,D,1,1,D,7,9,5,2,15,14,3,2,3,3,0,0,0.43,1.13,0.32,1.13,0.68,2.01,13.2,8.29,1.95,3.6,3.8,1.95,3.7,3.8,2.0,3.5,3.75,2.02,3.63,3.95,2.0,3.4,3.7,1.95,3.5,4.0,2.1,3.33,4.07
E0,2021-08-28,Brighton,Everton,75,79,75,80,75,79,76,79,43,42,24,25,318.0,479.05,0,2,A,0,1,A,14,14,3,5,7,9,4,5,1,2,0,0,0.7,1.55,0.46,0.77,0.64,2.11,7.0,14.26,2.3,3.2,3.3,2.35,3.3,3.1,2.35,3.15,3.2,2.37,3.29,3.37,2.35,3.1,3.25,2.3,3.2,3.3,2.35,3.26,3.46
E0,2021-08-28,Newcastle United,Southampton,76,76,78,76,75,76,74,76,34,33,27,25,313.9,274.3,2,2,D,0,0,D,10,22,5,6,11,6,4,4,3,3,0,0,1.19,3.46,0.75,2.16,0.13,2.8,9.75,7.71,2.5,3.4,2.8,2.5,3.5,2.75,2.5,3.45,2.8,2.55,3.52,2.9,2.45,3.4,2.8,2.5,3.4,2.8,2.51,3.59,2.89
E0,2021-08-28,Norwich,Leicester,74,80,76,82,73,81,73,79,45,40,24,25,163.2,526.549999,1,2,A,1,1,D,14,9,4,3,8,9,9,9,2,1,0,0,1.44,1.27,0.51,0.56,1.5,1.19,10.96,8.77,4.5,3.5,1.85,4.6,3.5,1.83,4.1,3.65,1.9,4.47,3.54,1.93,4.2,3.4,1.88,4.1,3.7,1.87,4.4,3.67,1.91
E0,2021-08-28,West Ham,Crystal Palace,79,76,79,77,78,75,78,74,36,33,26,25,354.9,271.05,2,2,D,1,0,H,14,9,4,2,10,7,5,3,1,0,0,0,1.45,1.68,1.11,1.43,1.13,1.58,11.19,8.89,1.55,4.0,6.5,1.57,4.0,6.0,1.6,3.85,6.25,1.59,4.07,6.64,1.55,3.8,6.5,1.55,4.0,6.5,1.59,4.0,6.8
E0,2021-08-28,Liverpool,Chelsea,84,83,86,84,83,85,85,82,49,44,24,25,918.9,914.5,1,1,D,1,1,D,24,6,7,3,13,4,12,3,0,2,0,1,2.08,0.57,0.84,0.57,2.49,0.35,7.28,28.09,2.45,3.3,2.9,2.45,3.4,2.85,2.5,3.25,2.95,2.52,3.36,3.06,2.45,3.25,2.9,2.5,3.3,2.9,2.47,3.36,3.13
E0,2021-08-29,Burnley,Leeds,76,76,75,78,76,77,77,76,35,35,27,23,138.05,299.45,1,1,D,0,0,D,12,12,3,2,13,9,5,5,4,3,0,0,1.71,1.52,1.55,0.62,1.52,1.15,14.42,8.13,3.1,3.5,2.25,3.1,3.4,2.3,3.05,3.45,2.3,3.15,3.58,2.35,3.0,3.3,2.35,3.0,3.5,2.3,3.35,3.6,2.24
E0,2021-08-29,Tottenham,Watford,82,75,86,75,80,74,80,74,45,47,23,25,689.35,156.2,1,0,H,1,0,H,15,9,8,2,8,14,10,3,3,3,0,0,0.92,0.6,0.64,0.55,1.6,1.03,11.52,19.25,1.36,4.75,9.0,1.44,4.5,7.75,1.47,4.5,7.0,1.45,4.42,9.04,1.4,4.33,8.5,1.44,4.4,8.0,1.44,4.65,8.5
E0,2021-08-29,Wolverhampton Wanderers,Manchester United,78,83,78,83,79,84,78,83,38,43,24,25,376.95,769.15,0,1,A,0,0,D,15,10,6,3,7,9,5,7,3,4,0,0,1.8,0.94,0.65,0.86,2.07,0.66,24.64,9.15,5.0,3.5,1.75,5.0,3.4,1.8,4.6,3.55,1.8,5.14,3.51,1.83,5.0,3.4,1.78,4.6,3.6,1.8,4.93,3.8,1.79
E0,2021-09-11,Crystal Palace,Tottenham,76,82,77,86,75,80,74,80,33,45,25,23,271.05,689.35,3,0,H,0,0,D,18,2,4,1,13,15,8,2,2,1,0,1,2.89,0.08,1.61,0.08,2.97,0.01,6.04,12.76,4.2,3.5,1.9,4.4,3.3,1.91,4.1,3.45,1.95,4.42,3.47,1.96,4.33,3.3,1.91,4.1,3.3,1.91,3.95,3.33,2.13
E0,2021-09-11,Arsenal,Norwich,79,74,82,76,80,73,77,73,41,45,23,24,613.05,163.2,1,0,H,0,0,D,30,10,7,1,9,11,8,4,1,2,0,0,2.69,0.58,1.95,0.43,2.68,0.22,12.5,19.36,1.5,4.6,6.0,1.5,4.5,6.25,1.53,4.4,6.0,1.53,4.57,6.5,1.5,4.2,6.5,1.45,4.33,6.5,1.44,4.91,7.9
E0,2021-09-11,Brentford,Brighton,73,75,73,75,73,75,74,76,38,43,24,24,273.3,318.0,0,1,A,0,0,D,7,4,1,2,9,12,1,6,3,2,0,0,0.73,0.29,0.73,0.29,1.77,0.8,10.13,6.62,2.8,3.2,2.62,2.8,3.2,2.65,2.85,3.1,2.65,2.93,3.19,2.72,2.75,3.1,2.7,2.8,3.0,2.63,3.14,3.0,2.7
E0,2021-09-11,Leicester,Manchester City,80,85,82,85,81,87,79,85,40,39,25,24,526.549999,1000.0,0,1,A,0,0,D,6,25,1,8,4,11,5,8,1,2,0,0,0.8,2.75,0.74,1.71,0.28,2.59,77.75,9.46,6.0,4.0,1.57,5.5,4.25,1.57,5.5,4.2,1.6,5.87,4.26,1.61,5.8,4.2,1.55,5.5,4.0,1.57,5.62,4.15,1.65
E0,2021-09-11,Manchester United,Newcastle United,83,76,83,78,84,75,83,74,43,34,25,27,769.15,313.9,4,1,H,1,0,H,21,12,7,3,9,2,7,3,1,0,0,0,2.77,0.62,1.8,0.44,2.76,0.16,8.58,36.43,1.18,7.5,15.0,1.2,7.0,14.0,1.2,7.0,13.0,1.19,7.56,16.42,1.2,6.5,15.0,1.17,7.0,15.0,1.2,7.45,15.76
E0,2021-09-11,Southampton,West Ham,76,79,76,79,76,78,76,78,33,36,25,26,274.3,354.9,0,0,D,0,0,D,11,13,3,3,10,12,5,4,3,1,0,1,0.69,0.73,0.62,0.4,1.29,1.34,23.92,7.7,2.9,3.5,2.4,2.95,3.5,2.35,2.85,3.45,2.45,2.93,3.48,2.54,2.88,3.25,2.45,2.75,3.5,2.4,3.16,3.55,2.36
E0,2021-09-11,Watford,Wolverhampton Wanderers,75,78,75,78,74,79,74,78,47,38,25,24,156.2,376.95,0,2,A,0,0,D,6,14,2,5,15,13,6,8,3,3,0,0,0.19,2.56,0.15,1.9,0.04,2.92,14.05,7.23,3.4,3.2,2.25,3.3,3.25,2.3,3.3,3.15,2.3,3.47,3.22,2.36,3.3,3.1,2.3,3.25,3.1,2.25,3.67,3.21,2.28
E0,2021-09-11,Chelsea,Aston Villa,83,78,84,79,85,77,82,77,44,44,25,24,914.5,487.75,3,0,H,1,0,H,12,18,4,6,11,11,4,11,1,4,0,0,1.22,1.17,0.77,0.86,1.36,1.32,9.89,9.87,1.28,5.5,11.0,1.3,5.5,10.0,1.33,5.25,10.0,1.31,5.51,12.17,1.29,5.25,11.0,1.29,5.0,11.0,1.35,5.38,10.33
E0,2021-09-12,Leeds,Liverpool,76,84,78,86,77,83,76,85,35,49,23,24,299.45,918.9,0,3,A,0,1,A,9,30,4,9,9,8,2,11,2,1,1,0,0.65,4.4,0.52,4.16,0.05,2.93,38.0,16.8,4.33,4.0,1.75,4.4,4.0,1.75,4.2,4.1,1.77,4.54,4.15,1.78,4.4,3.8,1.75,4.2,3.9,1.73,5.04,4.48,1.66
E0,2021-09-13,Everton,Burnley,79,76,80,75,79,76,79,77,42,35,25,27,479.05,138.05,3,1,H,0,0,D,14,11,6,6,3,6,4,6,1,1,0,0,1.8,1.82,1.16,1.79,1.33,1.4,11.94,10.85,1.7,3.75,5.0,1.75,3.7,4.75,1.73,3.7,4.9,1.74,3.83,5.35,1.73,3.5,5.0,1.7,3.5,5.0,1.78,3.53,5.58
E0,2021-09-17,Newcastle United,Leeds,76,76,78,78,75,77,74,76,34,35,27,23,313.9,299.45,1,1,D,1,1,D,17,22,7,9,9,11,4,5,2,2,0,0,1.18,1.43,1.0,1.05,1.17,1.56,16.9,5.54,3.0,3.6,2.3,2.95,3.6,2.3,2.95,3.55,2.3,3.05,3.69,2.36,3.0,3.5,2.25,3.0,3.7,2.3,3.25,3.74,2.23
E0,2021-09-18,Wolverhampton Wanderers,Brentford,78,73,78,73,79,73,78,74,38,38,24,24,376.95,273.3,0,2,A,0,2,A,11,9,0,3,10,7,4,2,4,2,0,1,1.02,2.33,0.57,1.11,0.41,2.41,12.57,10.78,1.83,3.25,5.0,1.85,3.3,4.75,1.9,3.3,4.7,1.93,3.3,4.98,1.91,3.1,4.6,1.87,3.3,5.0,1.83,3.42,5.38
E0,2021-09-18,Burnley,Arsenal,76,79,75,82,76,80,77,77,35,41,27,23,138.05,613.05,0,1,A,0,1,A,18,13,3,3,9,8,8,3,2,1,0,0,0.78,1.1,0.53,0.55,1.02,1.66,12.7,10.82,3.8,3.6,1.95,3.9,3.4,2.0,3.7,3.5,2.05,3.87,3.57,2.06,3.8,3.4,2.0,3.9,3.3,1.95,3.94,3.79,1.98
E0,2021-09-18,Liverpool,Crystal Palace,84,76,86,77,83,75,85,74,49,33,24,25,918.9,271.05,3,0,H,1,0,H,25,13,10,2,17,11,10,5,3,1,0,0,2.77,0.64,1.33,0.3,2.72,0.19,5.17,20.33,1.2,7.0,13.0,1.22,6.5,13.5,1.22,6.5,12.0,1.22,6.87,15.6,1.2,6.5,15.0,1.2,6.5,13.0,1.29,6.13,11.57
E0,2021-09-18,Manchester City,Southampton,85,76,85,76,87,76,85,76,39,33,24,25,1000.0,274.3,0,0,D,0,0,D,18,10,1,2,5,12,8,5,0,2,0,0,1.22,0.49,1.03,0.4,1.98,0.73,11.53,16.5,1.12,9.5,17.0,1.14,8.25,19.5,1.17,7.75,16.0,1.16,8.48,19.72,1.14,7.5,19.0,1.12,8.0,19.0,1.18,8.18,16.74
E0,2021-09-18,Norwich,Watford,74,75,76,75,73,74,73,74,45,47,24,25,163.2,156.2,1,3,A,1,1,D,12,12,5,8,10,14,4,8,1,1,0,0,0.78,2.42,0.71,2.24,0.35,2.5,8.07,10.4,2.15,3.3,3.5,2.15,3.4,3.4,2.15,3.35,3.45,2.21,3.48,3.53,2.15,3.3,3.5,2.15,3.2,3.4,2.41,3.29,3.31
E0,2021-09-18,Aston Villa,Everton,78,79,79,80,77,79,77,79,44,42,24,25,487.75,479.05,3,0,H,0,0,D,15,11,3,1,7,10,5,4,1,1,0,0,0.78,0.76,0.57,0.66,1.34,1.3,8.22,11.88,2.4,3.3,3.0,2.35,3.4,3.0,2.35,3.3,3.05,2.42,3.44,3.15,2.4,3.2,3.0,2.3,3.25,3.0,2.18,3.46,3.65
E0,2021-09-19,Brighton,Leicester,75,80,75,82,75,81,76,79,43,40,24,25,318.0,526.549999,2,1,H,1,0,H,12,14,5,3,8,10,4,9,2,1,0,0,1.47,1.25,0.49,1.19,1.54,1.15,13.76,8.86,2.7,3.2,2.75,2.75,3.2,2.65,2.75,3.15,2.7,2.83,3.25,2.77,2.62,3.2,2.7,2.7,3.1,2.63,2.55,3.23,3.12
E0,2021-09-19,West Ham,Manchester United,79,83,79,83,78,84,78,83,36,43,26,25,354.9,769.15,1,2,A,1,1,D,13,17,4,10,5,8,2,11,0,0,0,0,1.67,1.9,0.86,1.42,1.18,1.52,16.8,12.56,4.33,4.0,1.75,4.4,4.0,1.75,4.3,3.9,1.77,4.69,3.9,1.81,4.6,3.7,1.75,4.4,3.8,1.73,4.31,3.79,1.89
E0,2021-09-19,Tottenham,Chelsea,82,83,86,84,80,85,80,82,45,44,23,25,689.35,914.5,0,3,A,0,0,D,8,20,2,10,4,15,5,11,0,1,0,0,0.71,2.59,0.53,2.41,0.28,2.6,14.9,9.31,5.0,3.8,1.7,5.0,3.75,1.72,4.9,3.8,1.7,4.98,4.02,1.74,4.6,3.7,1.75,5.0,3.5,1.7,4.2,3.4,2.04
E0,2021-09-25,Chelsea,Manchester City,83,85,84,85,85,85,82,86,44,39,25,24,914.5,1000.0,0,1,A,0,0,D,5,15,0,4,12,10,4,13,3,2,0,0,0.19,1.69,0.15,1.22,0.26,2.57,21.44,9.13,2.62,3.2,2.75,2.7,3.25,2.7,2.65,3.25,2.75,2.74,3.3,2.83,2.62,3.2,2.7,2.7,3.25,2.8,2.92,3.21,2.72
E0,2021-09-25,Manchester United,Aston Villa,84,78,85,78,84,76,83,77,43,44,25,24,769.15,487.75,0,1,A,0,0,D,28,7,4,3,9,13,5,5,2,2,0,0,1.93,1.57,0.93,1.19,1.62,1.11,6.28,9.41,1.36,5.25,8.0,1.4,5.0,7.5,1.4,5.0,7.25,1.41,5.12,8.13,1.38,4.75,8.0,1.36,5.25,8.5,1.42,5.1,7.95
E0,2021-09-25,Everton,Norwich,79,74,79,76,78,74,79,74,42,45,25,24,479.05,163.2,2,0,H,1,0,H,11,10,4,2,12,9,6,4,2,3,0,0,2.27,0.8,1.49,0.72,2.55,0.29,10.61,14.0,1.61,3.8,5.75,1.6,3.9,6.0,1.63,3.95,5.5,1.65,3.91,6.09,1.6,3.6,6.5,1.6,3.8,5.5,1.7,3.82,5.72
E0,2021-09-25,Leeds,West Ham,77,79,78,79,78,79,76,79,35,36,23,26,299.45,354.9,1,2,A,1,0,H,15,20,5,7,10,6,5,7,3,2,0,0,1.2,1.99,0.97,1.68,0.82,1.95,13.64,20.33,3.0,3.6,2.25,3.0,3.6,2.3,3.05,3.6,2.25,3.17,3.73,2.28,3.0,3.5,2.3,3.0,3.6,2.2,3.08,3.62,2.38
E0,2021-09-25,Leicester,Burnley,80,76,82,76,81,76,79,77,40,35,25,27,526.549999,138.05,2,2,D,1,2,A,22,9,5,3,10,8,8,4,2,4,0,0,2.16,0.43,1.95,0.25,2.57,0.28,9.08,14.09,1.57,4.0,6.0,1.57,4.0,6.0,1.6,4.1,5.75,1.6,4.09,6.37,1.57,3.9,6.0,1.55,3.9,6.0,1.71,3.9,5.39
E0,2021-09-25,Watford,Newcastle United,75,76,74,79,75,75,73,74,47,34,25,27,156.2,313.9,1,1,D,0,1,A,15,20,4,6,19,12,5,6,4,3,0,0,0.9,2.52,0.83,2.27,0.4,2.45,5.38,8.0,2.2,3.4,3.3,2.25,3.3,3.3,2.25,3.35,3.3,2.26,3.42,3.47,2.25,3.25,3.25,2.2,3.25,3.25,2.16,3.57,3.59
E0,2021-09-25,Brentford,Liverpool,73,84,73,86,74,83,73,85,38,49,24,24,273.3,918.9,3,3,D,1,1,D,12,16,4,6,8,7,2,11,1,1,0,0,2.94,2.26,1.8,1.62,1.86,0.93,23.7,6.71,7.0,4.5,1.45,6.75,4.4,1.48,6.25,4.5,1.5,7.48,4.51,1.49,7.0,4.2,1.47,7.0,4.2,1.45,7.88,4.98,1.43
E0,2021-09-26,Southampton,Wolverhampton Wanderers,76,78,76,78,77,81,73,77,33,38,25,24,274.3,376.95,0,1,A,0,0,D,18,5,6,3,12,8,5,5,0,0,0,0,0.91,0.91,0.86,0.44,1.3,1.36,8.36,32.38,2.62,3.2,2.8,2.65,3.2,2.75,2.65,3.2,2.8,2.7,3.27,2.89,2.62,3.2,2.75,2.6,3.13,2.75,2.15,3.42,3.78
E0,2021-09-26,Arsenal,Tottenham,79,82,83,86,81,80,77,80,41,45,23,23,613.05,689.35,3,1,H,3,0,H,12,10,7,4,12,13,4,4,2,1,0,0,1.44,0.98,0.9,0.88,1.78,0.94,16.4,12.5,2.15,3.3,3.5,2.3,3.25,3.2,2.25,3.25,3.35,2.29,3.3,3.54,2.25,3.25,3.3,2.2,3.25,3.25,2.25,3.4,3.53
E0,2021-09-27,Crystal Palace,Brighton,76,76,77,75,76,77,74,75,33,43,25,24,271.05,318.0,1,1,D,1,0,H,8,8,3,4,12,10,6,5,2,3,0,0,1.37,0.65,0.55,0.51,2.08,0.65,17.38,11.04,3.1,3.2,2.45,2.95,3.2,2.5,3.0,3.15,2.5,3.14,3.21,2.56,3.1,3.0,2.5,2.9,3.0,2.5,2.96,3.14,2.74
E0,2021-10-02,Manchester United,Everton,84,79,85,79,84,78,83,80,43,42,25,25,769.15,479.05,1,1,D,1,0,H,13,12,6,2,10,9,10,1,1,1,0,0,1.05,1.32,1.05,1.32,1.12,1.58,8.13,19.81,1.45,4.33,7.5,1.5,4.25,6.75,1.5,4.4,6.5,1.51,4.37,7.59,1.47,4.2,7.0,1.45,4.5,7.5,1.56,4.33,6.57
E0,2021-10-02,Burnley,Norwich,76,74,76,76,76,74,77,74,35,45,27,24,138.05,163.2,0,0,D,0,0,D,14,10,4,2,13,3,9,5,5,2,0,0,0.58,0.67,0.5,0.39,1.19,1.41,7.69,16.17,1.85,3.6,4.33,1.85,3.5,4.5,1.85,3.7,4.2,1.9,3.69,4.42,1.88,3.4,4.2,1.83,3.5,4.2,1.99,3.6,4.12
E0,2021-10-02,Chelsea,Southampton,83,76,84,76,85,76,82,73,44,33,25,25,914.5,274.3,3,1,H,1,0,H,20,6,9,2,11,13,7,2,1,3,0,1,3.79,1.53,3.43,0.75,2.72,0.18,7.29,9.47,1.36,4.75,9.0,1.36,5.0,8.5,1.35,5.0,9.5,1.4,4.91,9.22,1.36,4.6,9.0,1.36,4.6,8.5,1.46,4.71,7.79
E0,2021-10-02,Leeds,Watford,76,75,78,75,78,76,76,74,35,47,23,25,299.45,156.2,1,0,H,1,0,H,20,5,4,1,10,16,6,3,0,3,0,0,1.57,0.19,0.66,0.13,2.51,0.3,6.75,13.86,1.7,4.0,4.75,1.78,3.6,4.75,1.75,3.95,4.4,1.78,3.96,4.8,1.75,3.7,4.6,1.7,3.8,4.6,1.78,3.98,4.74
E0,2021-10-02,Wolverhampton Wanderers,Newcastle United,78,76,78,79,81,75,77,75,38,34,24,27,376.95,313.9,2,1,H,1,1,D,7,8,3,2,15,5,0,4,0,2,0,0,1.16,0.87,1.16,0.18,1.63,1.02,10.67,13.14,1.61,4.2,5.25,1.67,4.2,4.75,1.7,3.9,4.9,1.72,4.06,5.06,1.65,3.9,5.0,1.65,3.7,5.25,1.83,3.72,4.77
E0,2021-10-02,Brighton,Arsenal,76,79,75,83,77,81,75,77,43,41,24,23,318.0,613.05,0,0,D,0,0,D,21,8,2,2,8,5,8,5,2,1,0,0,1.12,0.36,0.91,0.2,1.99,0.68,8.75,30.13,3.0,3.25,2.4,2.95,3.2,2.5,3.0,3.15,2.5,3.16,3.2,2.54,3.0,3.1,2.45,3.0,3.2,2.38,3.31,3.4,2.35
E0,2021-10-03,Crystal Palace,Leicester,76,80,77,82,76,81,74,79,33,40,25,25,271.05,526.549999,2,2,D,0,2,A,18,9,4,5,15,11,1,3,2,3,0,0,1.17,1.04,0.92,0.63,1.41,1.28,6.8,9.32,3.1,3.4,2.3,3.2,3.3,2.3,3.05,3.35,2.35,3.17,3.44,2.41,3.0,3.3,2.35,3.0,3.3,2.3,2.87,3.3,2.7
E0,2021-10-03,Tottenham,Aston Villa,82,78,86,79,80,76,80,77,45,44,23,24,689.35,487.75,2,1,H,1,0,H,17,14,8,3,11,14,5,8,2,1,0,0,1.78,1.07,1.57,0.93,1.9,0.84,7.85,7.27,2.1,3.6,3.4,2.15,3.4,3.4,2.1,3.5,3.45,2.13,3.61,3.64,2.15,3.3,3.5,2.1,3.4,3.4,2.14,3.47,3.74
E0,2021-10-03,West Ham,Brentford,79,73,79,73,79,74,79,73,36,38,26,24,354.9,273.3,1,2,A,0,1,A,18,13,5,6,16,13,11,6,2,3,0,0,1.37,1.3,1.1,0.41,1.38,1.32,6.0,13.43,1.75,3.75,4.75,1.8,3.5,4.75,1.8,3.65,4.4,1.84,3.65,4.82,1.8,3.4,4.75,1.75,3.6,4.5,1.76,3.85,5.13
E0,2021-10-03,Liverpool,Manchester City,84,85,86,85,83,85,85,86,49,39,24,24,918.9,1000.0,2,2,D,0,0,D,6,12,4,3,10,12,3,4,3,3,0,0,0.95,1.04,0.9,0.93,1.28,1.4,10.48,29.3,2.87,3.5,2.4,2.8,3.6,2.4,2.85,3.4,2.45,2.99,3.55,2.46,2.8,3.5,2.38,2.8,3.4,2.38,3.12,3.54,2.38
E0,2021-10-16,Watford,Liverpool,75,84,75,86,76,83,74,85,47,49,25,24,156.2,918.9,0,5,A,0,2,A,6,19,2,8,4,10,1,9,0,0,0,0,0.3,3.66,0.28,2.69,0.02,2.97,45.09,4.88,8.5,5.5,1.33,8.0,5.25,1.35,7.75,5.25,1.37,9.43,5.49,1.36,8.5,5.0,1.35,8.5,5.0,1.33,8.6,5.68,1.36
E0,2021-10-16,Aston Villa,Wolverhampton Wanderers,78,78,79,78,76,81,77,77,44,38,24,24,487.75,376.95,2,3,A,0,0,D,14,9,5,4,8,17,6,7,2,3,0,0,1.21,2.2,1.14,1.82,0.65,2.13,12.69,9.12,2.15,3.25,3.5,2.15,3.3,3.5,2.25,3.25,3.35,2.32,3.31,3.47,2.25,3.1,3.4,2.2,3.2,3.3,2.16,3.31,3.89
E0,2021-10-16,Leicester,Manchester United,80,84,82,85,81,84,79,83,40,43,25,25,526.549999,769.15,4,2,H,1,1,D,22,18,11,6,5,17,4,3,0,3,0,0,2.97,1.02,1.8,0.99,2.62,0.26,13.29,12.35,3.5,3.6,2.05,3.75,3.5,2.0,3.45,3.55,2.1,3.56,3.68,2.13,3.5,3.5,2.05,3.4,3.5,2.05,3.7,3.97,1.99
E0,2021-10-16,Manchester City,Burnley,85,76,84,76,86,76,86,77,39,35,24,27,1000.0,138.05,2,0,H,1,0,H,15,7,6,2,11,5,6,2,1,0,0,0,2.16,1.08,0.91,0.99,2.22,0.55,8.53,23.47,1.12,9.0,19.0,1.13,8.5,21.0,1.12,9.0,21.0,1.13,9.94,24.65,1.1,9.0,23.0,1.09,9.0,23.0,1.15,9.13,21.3
E0,2021-10-16,Norwich,Brighton,74,76,76,75,74,75,74,76,45,43,24,24,163.2,318.0,0,0,D,0,0,D,15,11,3,3,5,14,8,4,3,5,0,0,1.16,1.18,0.77,1.12,1.3,1.37,24.0,5.91,3.6,3.4,2.1,3.6,3.5,2.05,3.6,3.3,2.1,3.77,3.41,2.16,3.6,3.25,2.1,3.6,3.25,2.05,4.12,3.69,1.96
E0,2021-10-16,Southampton,Leeds,76,76,76,78,77,78,73,76,33,35,25,23,274.3,299.45,1,0,H,0,0,D,19,3,5,0,16,14,8,1,2,3,0,0,1.83,0.45,1.22,0.1,2.47,0.35,7.65,5.61,2.3,3.5,3.0,2.4,3.5,2.9,2.4,3.5,2.9,2.44,3.58,3.01,2.35,3.4,2.9,2.3,3.5,2.88,2.12,3.72,3.55
E0,2021-10-16,Brentford,Chelsea,73,83,72,84,74,85,73,82,38,44,24,25,273.3,914.5,0,1,A,0,1,A,17,5,7,1,13,8,5,5,1,1,0,0,1.62,0.25,0.91,0.08,2.5,0.31,14.26,13.87,6.5,3.8,1.57,7.0,3.95,1.52,6.0,3.85,1.6,6.69,3.92,1.61,6.5,3.6,1.6,6.0,3.75,1.57,5.64,3.87,1.7
E0,2021-10-17,Everton,West Ham,79,79,79,79,78,79,80,79,42,36,25,26,479.05,354.9,0,1,A,0,0,D,15,16,2,4,3,3,7,9,0,2,0,0,0.85,2.03,0.61,1.06,0.52,2.28,18.41,11.31,2.5,3.4,2.8,2.45,3.5,2.75,2.5,3.3,2.85,2.57,3.37,2.98,2.5,3.2,2.9,2.45,3.3,2.8,2.91,3.36,2.63
E0,2021-10-17,Newcastle United,Tottenham,76,82,79,86,75,80,75,80,34,45,27,23,313.9,689.35,2,3,A,1,3,A,7,14,1,4,13,4,2,9,4,1,1,0,0.65,1.55,0.65,1.37,0.56,2.19,11.56,9.15,3.5,3.6,2.05,3.4,3.6,2.0,3.45,3.55,2.1,3.57,3.66,2.13,3.5,3.5,2.05,3.4,3.5,2.05,3.58,3.71,2.11
E0,2021-10-18,Arsenal,Crystal Palace,79,76,83,77,81,76,77,74,41,33,23,25,613.05,271.05,2,2,D,1,0,H,17,9,6,6,7,4,6,4,1,1,0,0,1.74,0.49,0.87,0.39,2.4,0.41,16.89,21.38,1.6,3.8,6.0,1.62,3.9,5.75,1.65,3.85,5.5,1.66,3.94,5.91,1.62,3.7,5.8,1.6,3.8,5.5,1.62,4.17,5.96
E0,2021-10-22,Arsenal,Aston Villa,79,78,83,79,79,76,77,77,41,44,23,24,613.05,487.75,3,1,H,2,0,H,22,10,9,4,17,10,7,4,2,5,0,0,3.5,1.41,1.91,1.34,2.64,0.25,9.74,13.25,1.83,3.75,4.2,1.9,3.5,4.0,1.9,3.65,4.1,1.92,3.77,4.22,1.88,3.6,4.0,1.87,3.75,4.2,2.04,3.65,3.87
E0,2021-10-23,Chelsea,Norwich,83,74,84,74,85,74,82,74,44,45,25,24,914.5,163.2,7,0,H,3,0,H,23,3,13,1,14,16,5,0,0,2,0,1,3.11,0.27,2.32,0.25,2.92,0.05,6.89,18.17,1.18,7.0,15.0,1.14,8.25,23.0,1.2,6.75,15.0,1.19,7.28,19.32,1.17,6.5,19.0,1.18,7.0,20.0,1.22,6.75,15.5
E0,2021-10-23,Crystal Palace,Newcastle United,76,76,77,79,76,75,74,75,33,34,25,27,271.05,313.9,1,1,D,0,0,D,15,6,3,2,13,9,3,7,3,4,0,0,2.26,0.72,2.17,0.27,2.5,0.34,5.12,25.67,1.9,3.6,4.0,1.95,3.6,3.7,1.95,3.55,3.8,1.99,3.7,3.98,1.95,3.5,3.8,1.93,3.4,3.9,2.0,3.51,4.2
E0,2021-10-23,Everton,Watford,79,75,79,75,78,76,79,74,42,47,25,25,479.05,156.2,2,5,A,1,1,D,15,20,4,8,9,13,3,5,4,3,0,0,1.84,3.1,1.73,2.93,0.6,2.22,10.68,13.43,1.65,3.8,5.5,1.6,4.1,5.25,1.65,3.85,5.25,1.68,3.88,5.79,1.65,3.7,5.5,1.62,3.7,5.5,1.84,3.57,4.98
E0,2021-10-23,Leeds,Wolverhampton Wanderers,76,78,78,78,78,81,75,77,35,38,23,24,299.45,376.95,1,1,D,0,1,A,18,8,4,4,15,14,6,3,2,3,0,0,1.71,0.86,0.86,0.24,2.09,0.66,3.6,15.56,2.4,3.4,2.87,2.1,3.7,3.2,2.55,3.35,2.75,2.67,3.46,2.79,2.5,3.25,2.8,2.45,3.3,2.75,2.64,3.44,2.84
E0,2021-10-23,Southampton,Burnley,76,76,76,76,77,76,74,77,33,35,25,27,274.3,138.05,2,2,D,1,1,D,16,9,4,5,10,11,6,2,1,3,0,0,1.43,0.67,0.75,0.65,2.01,0.71,6.33,9.73,1.95,3.5,3.9,1.95,3.5,3.8,1.97,3.5,3.8,2.02,3.63,3.98,1.95,3.5,3.8,1.95,3.3,3.9,2.09,3.46,3.92
E0,2021-10-23,Brighton,Manchester City,76,85,77,84,74,86,76,86,43,39,24,24,318.0,1000.0,1,4,A,0,3,A,10,23,5,14,10,6,7,6,2,3,0,0,1.17,3.57,0.37,3.32,0.14,2.78,9.79,23.79,8.0,4.75,1.4,6.5,5.0,1.43,7.25,4.6,1.43,7.66,4.79,1.46,8.0,4.6,1.4,8.0,4.4,1.4,8.18,4.95,1.43
E0,2021-10-24,Brentford,Leicester,73,80,72,82,74,81,73,78,38,40,24,25,273.3,526.549999,1,2,A,0,1,A,15,10,5,6,13,7,9,2,1,1,0,0,1.17,1.0,1.04,0.89,1.5,1.18,5.84,21.33,2.62,3.3,2.7,2.8,3.2,2.6,2.6,3.4,2.7,2.66,3.47,2.79,2.6,3.4,2.62,2.6,3.3,2.63,2.86,3.56,2.55
E0,2021-10-24,West Ham,Tottenham,79,82,79,90,79,81,79,80,36,45,26,23,354.9,689.35,1,0,H,0,0,D,13,7,4,4,11,4,2,4,2,1,0,0,1.73,0.67,1.52,0.61,2.25,0.52,21.59,11.3,2.3,3.5,3.0,2.4,3.5,2.8,2.4,3.45,2.95,2.32,3.54,3.23,2.38,3.4,2.9,2.3,3.4,2.9,2.25,3.65,3.29
E0,2021-10-24,Manchester United,Liverpool,84,84,85,86,84,83,83,85,43,49,25,24,769.15,918.9,0,5,A,0,4,A,12,19,4,8,10,8,6,3,6,0,1,0,1.36,4.05,1.36,3.67,0.15,2.78,60.71,8.23,3.1,3.6,2.2,3.0,3.5,2.25,3.0,3.65,2.25,3.15,3.73,2.29,3.0,3.5,2.25,3.0,3.6,2.2,3.09,3.66,2.35
E0,2021-10-30,Leicester,Arsenal,80,79,82,83,82,79,78,77,40,41,25,23,526.549999,613.05,0,2,A,0,2,A,16,9,8,5,8,11,7,6,2,0,0,0,1.99,1.1,1.14,0.89,2.08,0.69,9.11,24.93,2.4,3.5,2.87,2.5,3.4,2.7,2.45,3.45,2.85,2.52,3.49,2.95,2.45,3.3,2.87,2.45,3.5,2.88,2.55,3.53,2.88
E0,2021-10-30,Burnley,Brentford,76,73,76,72,76,74,77,73,35,38,27,24,138.05,273.3,3,1,H,3,0,H,15,12,6,5,7,10,4,2,1,1,0,0,2.73,0.83,2.23,0.3,2.61,0.27,16.26,9.21,2.6,3.3,2.75,2.7,3.2,2.7,2.65,3.2,2.8,2.73,3.31,2.84,2.6,3.2,2.75,2.6,3.1,2.75,2.74,3.21,2.9
E0,2021-10-30,Liverpool,Brighton,84,76,86,77,83,74,85,76,49,43,24,24,918.9,318.0,2,2,D,2,1,H,14,9,3,6,8,5,5,3,2,2,0,0,1.4,1.51,1.28,1.49,1.25,1.48,11.83,26.4,1.22,6.5,13.0,1.27,6.25,9.75,1.25,6.25,12.0,1.25,6.92,11.52,1.22,6.0,13.0,1.2,6.5,13.0,1.3,5.75,11.6
E0,2021-10-30,Manchester City,Crystal Palace,85,76,84,77,87,76,85,74,39,33,24,25,1000.0,271.05,0,2,A,0,1,A,14,8,3,3,11,11,7,1,2,3,1,0,0.66,1.05,0.52,1.05,0.94,1.73,7.2,16.68,1.14,8.0,19.0,1.16,7.5,19.0,1.15,8.0,17.0,1.15,8.94,22.14,1.14,7.5,19.0,1.13,8.0,18.0,1.14,9.25,21.0
E0,2021-10-30,Newcastle United,Chelsea,76,83,79,84,74,85,75,82,34,44,27,25,313.9,914.5,0,3,A,0,0,D,6,19,1,6,14,12,0,2,3,2,0,0,0.16,2.17,0.12,1.37,0.08,2.86,21.07,3.89,8.5,5.0,1.36,8.75,4.75,1.37,7.75,4.9,1.4,9.28,4.96,1.4,9.0,4.75,1.35,8.5,4.6,1.36,8.43,4.52,1.46
E0,2021-10-30,Watford,Southampton,75,76,75,76,76,77,73,74,47,33,25,25,156.2,274.3,0,1,A,0,1,A,10,12,4,1,16,6,5,8,2,2,0,0,0.85,1.91,0.75,1.86,0.57,2.21,10.04,7.05,3.2,3.3,2.3,3.1,3.4,2.25,3.05,3.4,2.35,3.22,3.4,2.39,3.1,3.3,2.3,3.0,3.3,2.3,3.22,3.54,2.33
E0,2021-10-30,Tottenham,Manchester United,82,84,90,85,81,83,80,84,45,43,23,25,689.35,769.15,0,3,A,0,1,A,9,10,0,4,12,14,10,2,2,3,0,0,1.16,1.39,1.01,1.31,1.17,1.52,7.17,10.28,2.87,3.6,2.37,2.87,3.6,2.3,2.85,3.55,2.4,3.04,3.66,2.38,2.87,3.5,2.35,2.9,3.4,2.3,3.18,3.74,2.27
E0,2021-10-31,Norwich,Leeds,74,76,74,78,74,77,74,75,45,35,24,23,163.2,299.45,1,2,A,0,0,D,14,13,3,6,14,23,5,0,1,4,0,0,0.66,1.17,0.24,1.1,0.87,1.82,8.73,4.29,3.4,3.5,2.1,3.4,3.5,2.1,3.35,3.55,2.15,3.58,3.7,2.11,3.4,3.4,2.1,3.4,3.5,2.05,3.66,3.72,2.08
E0,2021-10-31,Aston Villa,West Ham,78,79,79,79,76,79,77,79,44,36,24,26,487.75,354.9,1,4,A,1,2,A,9,21,3,9,7,13,3,6,1,2,1,0,0.69,2.66,0.59,1.78,0.15,2.76,22.75,6.87,2.8,3.5,2.45,2.65,3.6,2.45,2.8,3.45,2.45,2.86,3.58,2.54,2.8,3.4,2.45,2.75,3.4,2.45,2.94,3.5,2.52
E0,2021-11-01,Wolverhampton Wanderers,Everton,78,79,78,79,81,78,77,79,38,42,24,25,376.95,479.05,2,1,H,2,0,H,10,14,4,5,10,8,4,3,1,1,0,0,1.69,1.7,0.61,0.97,1.34,1.38,8.5,13.46,2.2,3.2,3.5,2.25,3.25,3.3,2.25,3.25,3.35,2.27,3.4,3.47,2.2,3.2,3.4,2.2,3.1,3.4,2.3,3.19,3.66
E0,2021-11-05,Southampton,Aston Villa,76,78,76,79,77,77,74,77,33,44,25,24,274.3,487.75,1,0,H,1,0,H,9,14,3,3,12,12,10,8,2,2,0,0,0.9,0.54,0.36,0.46,1.72,0.92,5.46,10.65,1.95,3.6,3.75,1.98,3.6,3.6,2.0,3.6,3.7,2.04,3.71,3.79,2.0,3.5,3.6,2.0,3.7,3.7,2.17,3.59,3.54
E0,2021-11-06,Manchester United,Manchester City,84,85,85,84,83,87,84,85,43,39,25,24,769.15,1000.0,0,2,A,0,2,A,5,16,1,5,9,12,1,9,1,2,0,0,0.76,2.04,0.21,1.79,0.44,2.37,23.47,10.3,4.75,4.0,1.7,4.4,3.9,1.73,4.5,4.2,1.7,4.84,4.16,1.74,4.6,3.9,1.7,4.8,4.1,1.7,4.79,4.21,1.73
E0,2021-11-06,Brentford,Norwich,73,74,72,74,74,74,73,74,38,45,24,24,273.3,163.2,1,2,A,0,2,A,19,9,7,5,12,13,6,2,2,3,0,0,2.79,1.16,2.73,0.31,2.5,0.34,6.78,14.72,1.6,4.0,5.75,1.63,3.8,5.25,1.63,3.9,5.75,1.63,4.05,6.06,1.61,3.7,5.8,1.6,3.7,5.75,1.68,4.07,5.46
E0,2021-11-06,Chelsea,Burnley,83,76,84,76,86,76,82,76,44,35,25,27,914.5,138.05,1,1,D,1,0,H,25,5,4,2,6,9,14,2,1,4,0,0,3.01,0.67,2.82,0.67,2.73,0.17,13.6,15.9,1.25,6.0,12.0,1.25,6.0,13.0,1.27,5.75,11.0,1.27,6.08,13.48,1.25,5.8,12.0,1.22,5.75,13.0,1.29,5.77,13.05
E0,2021-11-06,Crystal Palace,Wolverhampton Wanderers,76,78,77,78,76,81,74,77,33,38,25,24,271.05,376.95,2,0,H,0,0,D,13,4,6,2,14,13,4,6,2,1,0,0,2.65,0.25,2.54,0.17,2.86,0.08,6.42,16.05,2.45,3.2,3.0,2.4,3.2,3.0,2.5,3.15,3.05,2.56,3.17,3.17,2.45,3.1,3.0,2.4,3.0,3.1,2.37,3.16,3.52
E0,2021-11-06,Brighton,Newcastle United,76,76,77,79,74,74,76,75,43,34,24,27,318.0,313.9,1,1,D,1,0,H,14,6,5,1,16,10,2,5,3,4,1,0,1.43,0.23,0.64,0.2,2.53,0.29,7.03,20.3,1.57,3.9,6.0,1.65,3.9,5.25,1.63,3.95,5.5,1.63,4.11,6.04,1.6,3.8,5.8,1.57,3.8,5.75,1.61,4.2,6.11
E0,2021-11-07,Arsenal,Watford,79,75,83,75,79,76,77,73,41,47,23,25,613.05,156.2,1,0,H,0,0,D,14,7,6,1,6,19,4,2,4,2,0,1,1.49,0.49,0.43,0.42,2.28,0.47,11.87,10.89,1.36,4.75,8.5,1.4,4.75,8.0,1.4,5.25,7.5,1.41,4.98,8.73,1.38,4.6,8.5,1.36,4.75,8.0,1.46,4.86,7.41
E0,2021-11-07,Everton,Tottenham,79,81,79,90,79,81,79,80,42,45,25,23,479.05,689.35,0,0,D,0,0,D,12,8,2,0,13,17,4,2,2,4,1,0,0.6,0.8,0.47,0.64,1.09,1.53,10.42,9.04,3.1,3.25,2.37,2.95,3.25,2.4,3.05,3.25,2.4,3.15,3.34,2.46,3.0,3.25,2.37,3.0,3.2,2.38,3.48,3.35,2.31
E0,2021-11-07,Leeds,Leicester,76,80,78,82,78,82,75,78,35,40,23,25,299.45,526.549999,1,1,D,1,1,D,18,9,5,3,12,5,10,5,1,1,0,0,1.97,0.8,1.82,0.28,2.34,0.45,8.77,12.44,2.8,3.5,2.45,2.7,3.5,2.5,2.75,3.55,2.5,2.84,3.61,2.54,2.7,3.5,2.45,2.7,3.5,2.4,2.69,3.49,2.76
E0,2021-11-07,West Ham,Liverpool,79,84,79,86,79,83,79,85,36,49,26,24,354.9,918.9,3,2,H,1,1,D,7,16,3,5,11,6,3,2,1,1,0,0,1.25,1.46,1.24,1.21,1.21,1.5,20.6,6.64,4.75,4.0,1.7,4.5,4.2,1.68,4.6,4.1,1.7,4.74,4.15,1.75,4.6,3.9,1.7,4.33,4.0,1.7,4.47,4.4,1.75
E0,2021-11-20,Leicester,Chelsea,80,83,82,84,82,86,78,82,40,44,25,25,526.549999,914.5,0,3,A,0,2,A,4,16,3,7,15,8,3,5,3,1,0,0,0.5,2.57,0.49,2.35,0.16,2.73,10.0,8.87,4.75,3.75,1.75,4.8,3.6,1.75,4.6,3.7,1.77,4.92,3.76,1.8,4.6,3.6,1.78,5.0,3.7,1.75,5.06,3.81,1.78
E0,2021-11-20,Aston Villa,Brighton,78,76,79,77,77,74,77,76,44,43,24,24,487.75,318.0,2,0,H,0,0,D,9,6,5,2,7,13,5,7,3,3,0,0,1.07,0.58,0.66,0.51,1.79,0.87,17.82,7.59,2.45,3.3,2.9,2.4,3.3,2.9,2.4,3.3,3.0,2.48,3.33,3.14,2.4,3.2,3.0,2.38,3.2,3.0,2.5,3.37,3.08
E0,2021-11-20,Burnley,Crystal Palace,76,76,76,77,76,76,76,74,35,33,27,25,138.05,271.05,3,3,D,2,3,A,15,18,9,8,14,15,3,6,2,3,0,0,1.04,1.75,0.83,1.51,0.87,1.89,11.78,17.88,2.7,3.2,2.7,2.7,3.25,2.6,2.75,3.2,2.65,2.79,3.29,2.79,2.7,3.1,2.7,2.7,3.13,2.63,2.86,3.25,2.74
E0,2021-11-20,Newcastle United,Brentford,76,73,79,72,74,74,75,73,34,38,27,24,313.9,273.3,3,3,D,2,2,D,23,10,9,4,13,11,8,2,2,2,0,0,2.18,1.23,1.49,0.76,2.05,0.73,7.7,7.65,2.62,3.4,2.7,2.6,3.4,2.65,2.65,3.3,2.7,2.67,3.42,2.81,2.6,3.3,2.7,2.6,3.25,2.63,2.51,3.45,3.0
E0,2021-11-20,Norwich,Southampton,74,76,74,76,74,77,74,74,45,33,24,25,163.2,274.3,2,1,H,1,1,D,8,17,4,5,8,9,5,7,3,2,0,0,0.44,1.13,0.42,0.99,0.74,1.94,10.75,7.76,3.6,3.5,2.05,3.6,3.5,2.0,3.6,3.4,2.1,3.71,3.54,2.12,3.6,3.4,2.05,3.6,3.3,2.05,3.53,3.53,2.19
E0,2021-11-20,Watford,Manchester United,75,84,75,85,76,83,73,84,47,43,25,25,156.2,769.15,4,1,H,2,0,H,20,9,7,3,7,5,9,3,2,1,0,1,2.73,1.67,1.56,1.56,2.09,0.7,13.04,24.4,6.5,4.75,1.45,6.0,4.5,1.5,6.0,4.6,1.5,6.25,4.69,1.53,6.0,4.33,1.5,6.5,4.4,1.45,6.58,4.8,1.5
E0,2021-11-20,Wolverhampton Wanderers,West Ham,78,79,78,79,81,79,77,79,38,36,24,26,376.95,354.9,1,0,H,0,0,D,15,8,5,3,6,9,7,3,1,1,0,0,1.32,0.44,1.22,0.36,2.11,0.61,21.69,11.71,3.0,3.25,2.4,2.9,3.25,2.45,2.95,3.3,2.45,3.18,3.28,2.49,3.0,3.1,2.45,3.0,3.2,2.38,3.19,3.32,2.46
E0,2021-11-20,Liverpool,Arsenal,84,79,86,83,83,79,85,77,49,41,24,23,918.9,613.05,4,0,H,1,0,H,19,5,9,3,15,12,6,1,2,0,0,0,3.97,0.27,3.19,0.27,2.99,0.01,6.77,28.13,1.45,4.75,6.5,1.47,4.8,6.0,1.5,4.7,6.0,1.47,5.0,6.84,1.47,4.4,6.5,1.44,4.5,6.5,1.55,4.68,6.09
E0,2021-11-21,Manchester City,Everton,85,79,84,79,87,79,85,79,39,42,24,25,1000.0,479.05,3,0,H,1,0,H,17,4,7,1,5,7,7,1,1,1,0,0,2.61,0.27,1.89,0.11,2.82,0.11,6.83,58.0,1.14,8.0,19.0,1.16,8.0,17.5,1.2,7.0,14.0,1.19,7.71,17.04,1.17,7.0,17.0,1.17,7.0,15.0,1.2,7.5,16.0
E0,2021-11-21,Tottenham,Leeds,81,76,90,78,81,78,80,75,45,35,23,23,689.35,299.45,2,1,H,0,1,A,13,18,4,7,11,12,4,8,1,4,0,0,2.32,1.47,1.29,1.22,2.02,0.75,9.59,7.42,1.7,4.2,4.5,1.7,3.9,4.75,1.73,4.0,4.5,1.77,4.15,4.61,1.7,3.9,4.6,1.7,3.75,4.6,1.61,4.18,6.01
E0,2021-11-27,Arsenal,Newcastle United,79,75,83,79,79,74,77,74,41,34,23,27,613.05,313.9,2,0,H,0,0,D,24,9,6,5,6,12,4,4,1,3,0,0,2.84,0.19,2.24,0.1,2.91,0.05,7.04,16.74,1.44,4.75,7.0,1.46,5.0,6.0,1.45,4.7,6.75,1.48,4.95,6.77,1.44,4.6,6.5,1.45,4.75,7.0,1.53,4.52,6.63
E0,2021-11-27,Crystal Palace,Aston Villa,76,78,77,80,76,75,74,77,33,44,25,24,271.05,487.75,1,2,A,0,1,A,8,10,3,3,12,10,7,3,3,3,0,0,0.96,0.45,0.86,0.32,1.85,0.8,9.05,26.31,2.2,3.4,3.3,2.2,3.4,3.2,2.2,3.35,3.35,2.3,3.4,3.42,2.2,3.3,3.3,2.2,3.25,3.25,2.36,3.26,3.43
E0,2021-11-27,Liverpool,Southampton,84,76,86,76,83,77,85,74,49,33,24,25,918.9,274.3,4,0,H,3,0,H,20,7,6,3,7,14,5,7,0,1,0,0,3.07,0.97,2.87,0.49,2.68,0.22,9.61,15.22,1.28,6.0,9.0,1.29,6.0,9.5,1.3,6.0,8.5,1.3,6.08,10.1,1.28,5.5,10.0,1.25,6.0,10.0,1.25,6.75,12.0
E0,2021-11-27,Norwich,Wolverhampton Wanderers,74,78,74,78,74,81,74,77,45,38,24,24,163.2,376.95,0,0,D,0,0,D,14,5,4,2,11,10,4,3,2,2,0,0,1.4,0.3,1.21,0.22,2.35,0.42,13.33,16.0,3.5,3.3,2.15,3.5,3.5,2.05,3.55,3.25,2.15,3.61,3.44,2.2,3.4,3.3,2.15,3.6,3.1,2.15,3.6,3.35,2.24
E0,2021-11-27,Brighton,Leeds,76,76,77,78,74,78,76,75,43,35,24,23,318.0,299.45,0,0,D,0,0,D,20,11,4,4,12,14,6,1,1,3,0,0,1.9,0.86,1.73,0.69,2.16,0.62,9.24,6.84,2.05,3.4,3.75,1.98,3.5,3.75,2.1,3.4,3.55,2.14,3.44,3.78,2.05,3.25,3.75,2.05,3.4,3.5,2.23,3.34,3.64
E0,2021-11-28,Brentford,Everton,74,79,74,78,74,79,73,79,38,42,24,25,273.3,479.05,1,0,H,1,0,H,6,14,4,5,8,11,3,3,4,3,0,0,1.2,0.97,0.27,0.83,1.59,1.08,13.21,6.97,2.25,3.2,3.4,2.2,3.25,3.4,2.25,3.25,3.35,2.29,3.33,3.51,2.25,3.1,3.4,2.2,3.13,3.4,2.29,3.26,3.62
E0,2021-11-28,Leicester,Watford,80,75,82,75,82,76,78,73,40,47,25,25,526.549999,156.2,4,2,H,3,1,H,18,16,8,5,5,19,8,6,0,0,0,0,2.16,2.38,1.59,1.19,1.24,1.52,11.8,5.0,1.61,4.0,5.5,1.58,4.1,5.5,1.63,4.2,5.0,1.65,4.16,5.57,1.62,4.0,5.25,1.6,4.0,5.25,1.69,4.05,5.33
E0,2021-11-28,Manchester City,West Ham,85,79,84,80,87,79,85,79,39,36,24,26,1000.0,354.9,2,1,H,1,0,H,19,5,9,3,7,6,8,4,2,0,0,0,2.72,0.17,1.54,0.08,2.9,0.06,7.33,23.88,1.28,5.75,10.0,1.32,5.25,9.5,1.3,5.5,11.0,1.3,5.98,10.56,1.29,5.5,10.0,1.25,5.75,10.5,1.27,6.5,11.0
E0,2021-11-28,Chelsea,Manchester United,83,84,84,85,86,83,82,84,44,43,25,25,914.5,769.15,1,1,D,0,0,D,24,3,6,2,13,14,15,2,2,5,0,0,2.35,0.56,0.77,0.01,2.65,0.22,5.38,16.7,1.57,4.0,6.0,1.58,4.2,5.5,1.6,3.9,6.0,1.63,4.21,5.75,1.57,4.0,5.8,1.57,3.9,5.75,1.58,4.21,6.44
E0,2021-11-30,Newcastle United,Norwich,75,74,79,74,74,74,74,74,34,45,27,24,313.9,163.2,1,1,D,0,0,D,9,16,1,6,8,11,2,5,0,0,0,1,1.16,1.51,0.4,1.01,1.08,1.62,36.63,4.92,1.95,3.5,3.9,1.93,3.6,3.8,2.0,3.4,3.9,2.02,3.68,3.91,1.95,3.6,3.75,2.0,3.6,3.8,2.09,3.6,3.75
E0,2021-11-30,Leeds,Crystal Palace,76,76,78,77,78,76,75,74,35,33,23,25,299.45,271.05,1,0,H,0,0,D,15,9,3,1,15,15,7,4,5,3,0,0,1.98,0.71,0.98,0.45,2.43,0.38,3.84,12.64,2.4,3.3,3.0,2.4,3.3,2.9,2.45,3.15,3.05,2.43,3.41,3.15,2.4,3.2,3.0,2.38,3.4,3.1,2.36,3.39,3.31
E0,2021-12-01,Southampton,Leicester,76,80,76,80,77,82,74,79,33,40,25,25,274.3,526.549999,2,2,D,2,1,H,15,15,7,6,14,11,2,4,1,3,0,0,1.91,1.44,1.27,0.48,1.75,1.0,10.08,8.83,2.37,3.5,2.87,2.3,3.5,2.9,2.4,3.45,2.85,2.47,3.56,2.98,2.38,3.3,3.0,2.38,3.4,2.88,2.42,3.57,3.02
E0,2021-12-01,Watford,Chelsea,75,84,75,84,76,86,74,83,47,44,25,25,156.2,914.5,1,2,A,1,1,D,13,8,6,4,18,16,6,0,4,3,0,0,0.99,0.91,0.87,0.77,1.4,1.27,6.97,7.88,10.0,5.25,1.3,9.5,5.25,1.32,11.0,5.5,1.3,10.31,5.61,1.33,11.0,5.0,1.3,11.0,5.25,1.29,11.04,5.51,1.32
E0,2021-12-01,West Ham,Brighton,79,76,80,77,79,74,79,76,36,43,26,24,354.9,318.0,1,1,D,1,0,H,14,9,6,3,10,8,9,5,1,1,0,0,1.15,1.26,1.03,1.2,1.25,1.43,13.38,3.54,1.95,3.6,3.8,1.95,3.6,3.7,2.0,3.5,3.7,2.05,3.6,3.87,2.0,3.4,3.8,1.95,3.3,3.8,2.04,3.45,4.49
E0,2021-12-01,Wolverhampton Wanderers,Burnley,78,76,78,76,81,76,77,76,38,35,24,27,376.95,138.05,0,0,D,0,0,D,16,6,2,1,5,7,5,5,2,3,0,0,0.71,0.2,0.57,0.12,1.82,0.72,7.0,14.0,1.85,3.5,4.33,1.85,3.5,4.33,1.95,3.4,4.1,1.98,3.43,4.39,1.91,3.3,4.2,1.91,3.25,4.2,1.88,3.43,4.94
E0,2021-12-01,Aston Villa,Manchester City,78,85,80,84,75,87,77,85,44,39,24,24,487.75,1000.0,1,2,A,0,2,A,9,17,3,7,8,12,4,11,0,0,0,0,0.77,1.02,0.77,0.77,1.13,1.53,15.1,8.73,9.0,5.25,1.33,8.5,5.0,1.36,10.0,5.25,1.33,8.57,5.25,1.39,9.0,5.0,1.33,9.0,5.0,1.33,7.4,4.69,1.48
E0,2021-12-01,Everton,Liverpool,79,84,78,86,79,83,79,85,42,49,25,24,479.05,918.9,1,4,A,1,2,A,8,16,2,7,8,16,3,11,4,3,0,0,0.51,2.86,0.38,2.23,0.14,2.79,15.64,4.46,7.5,5.25,1.36,7.25,5.0,1.39,7.0,5.0,1.43,7.67,5.17,1.43,7.5,4.8,1.38,8.0,4.75,1.36,9.13,5.18,1.38
E0,2021-12-02,Tottenham,Brentford,81,74,86,74,79,74,79,73,45,38,23,24,689.35,273.3,2,0,H,1,0,H,11,6,6,2,13,11,11,5,0,0,0,0,2.07,0.23,1.99,0.18,2.78,0.13,17.5,15.81,1.6,4.2,5.25,1.65,3.9,5.0,1.63,4.0,5.25,1.67,4.22,5.34,1.63,4.0,5.0,1.62,3.75,5.5,1.69,3.98,5.44
E0,2021-12-02,Manchester United,Arsenal,84,79,85,83,83,79,83,77,43,41,25,23,769.15,613.05,3,2,H,1,1,D,14,17,10,8,9,10,3,8,1,0,0,0,1.86,1.17,1.09,0.95,1.92,0.82,14.85,11.65,1.95,3.75,3.75,2.0,3.6,3.5,2.0,3.65,3.6,2.07,3.68,3.75,1.95,3.6,3.7,1.95,3.5,3.7,2.08,3.76,3.58
E0,2021-12-04,West Ham,Chelsea,79,84,80,84,79,86,79,82,36,44,26,25,354.9,914.5,3,2,H,1,2,A,11,19,5,7,10,10,1,9,1,3,0,0,2.02,1.37,1.14,1.1,1.88,0.88,12.6,9.45,4.75,3.6,1.75,4.6,3.7,1.77,4.5,3.6,1.8,4.85,3.58,1.85,4.6,3.7,1.75,4.75,3.6,1.8,4.92,3.65,1.83
E0,2021-12-04,Newcastle United,Burnley,75,76,79,76,74,76,74,76,34,35,27,27,313.9,138.05,1,0,H,1,0,H,19,10,4,1,11,9,10,3,1,1,0,0,1.71,0.6,0.73,0.42,2.25,0.52,16.25,6.67,2.3,3.3,3.2,2.25,3.4,3.1,2.3,3.35,3.15,2.4,3.38,3.22,2.25,3.25,3.2,2.25,3.3,3.1,2.41,3.49,3.09
E0,2021-12-04,Southampton,Brighton,76,76,76,77,77,74,74,76,33,43,25,24,274.3,318.0,1,1,D,1,0,H,14,14,4,4,15,12,6,2,4,2,0,0,1.34,1.49,1.13,1.3,1.21,1.51,8.65,4.24,2.45,3.2,3.0,2.45,3.2,2.95,2.45,3.2,3.05,2.48,3.25,3.22,2.45,3.0,3.1,2.38,3.13,3.0,2.65,3.23,2.96
E0,2021-12-04,Wolverhampton Wanderers,Liverpool,78,84,78,86,81,83,77,85,38,49,24,24,376.95,918.9,0,1,A,0,0,D,3,17,1,5,4,7,2,8,2,2,0,0,0.1,2.42,0.1,1.08,0.07,2.88,39.63,7.33,8.0,4.75,1.4,7.25,4.75,1.42,7.0,4.8,1.43,8.08,4.72,1.45,7.5,4.5,1.42,7.5,4.5,1.4,9.24,5.16,1.38
E0,2021-12-04,Watford,Manchester City,75,85,75,84,76,87,74,85,47,39,25,24,156.2,1000.0,1,3,A,0,2,A,11,26,4,13,10,7,5,11,3,0,0,0,0.68,4.03,0.36,3.71,0.08,2.88,32.13,6.24,12.0,7.0,1.2,15.5,7.5,1.18,13.0,7.0,1.2,14.88,7.43,1.21,13.0,6.5,1.2,13.0,7.5,1.17,15.0,7.0,1.22
E0,2021-12-05,Leeds,Brentford,76,73,78,74,77,74,76,73,35,38,23,24,299.45,273.3,2,2,D,1,0,H,13,9,6,3,11,9,5,1,5,3,0,0,1.42,1.2,1.47,1.09,1.54,1.16,4.79,11.09,1.95,3.6,3.8,1.85,3.7,4.0,1.95,3.6,3.9,1.98,3.63,4.13,1.95,3.4,3.9,1.9,3.4,4.0,1.83,3.63,4.94
E0,2021-12-05,Manchester United,Crystal Palace,84,76,88,77,83,76,82,74,43,33,25,25,769.15,271.05,1,0,H,0,0,D,16,8,3,2,16,9,9,6,2,2,0,0,0.87,0.52,0.77,0.49,1.62,1.0,7.0,14.87,1.5,4.33,6.5,1.55,4.2,5.75,1.57,4.2,5.75,1.59,4.13,6.46,1.55,4.0,6.0,1.55,4.0,5.75,1.54,4.49,6.56
E0,2021-12-05,Tottenham,Norwich,81,74,86,76,79,74,79,74,45,45,23,24,689.35,163.2,3,0,H,1,0,H,17,10,7,1,11,4,6,4,1,2,0,0,2.01,1.07,0.89,1.09,2.07,0.69,24.05,22.55,1.36,5.0,8.5,1.4,4.75,7.75,1.43,4.7,7.5,1.43,4.9,8.28,1.4,4.4,8.5,1.36,4.6,8.5,1.48,4.51,7.94
E0,2021-12-05,Aston Villa,Leicester,78,80,80,80,75,82,77,79,44,40,24,25,487.75,526.549999,2,1,H,1,1,D,13,12,4,5,8,25,3,6,1,1,0,0,1.85,0.98,1.72,0.84,2.03,0.74,13.5,4.08,2.37,3.4,3.0,2.37,3.5,2.87,2.35,3.35,3.05,2.38,3.49,3.17,2.35,3.4,2.9,2.3,3.3,3.0,2.4,3.42,3.17
E0,2021-12-06,Everton,Arsenal,79,79,78,83,78,79,79,77,42,41,25,23,479.05,613.05,2,1,H,0,1,A,11,10,5,3,8,12,3,3,2,2,0,0,1.06,1.06,0.7,1.06,1.34,1.35,15.43,9.0,3.4,3.5,2.1,3.2,3.5,2.2,3.35,3.45,2.15,3.45,3.65,2.18,3.4,3.4,2.1,3.4,3.25,2.15,3.33,3.42,2.31
E0,2021-12-10,Brentford,Watford,74,75,75,75,74,76,73,74,38,47,24,25,273.3,156.2,2,1,H,0,1,A,14,6,5,2,12,18,8,2,4,0,0,0,1.83,0.56,0.87,0.51,2.43,0.38,4.1,10.22,2.25,3.3,3.3,2.05,3.5,3.5,2.3,3.3,3.25,2.32,3.33,3.44,2.2,3.2,3.4,2.3,3.4,3.25,2.63,3.45,2.82
E0,2021-12-11,Manchester City,Wolverhampton Wanderers,85,78,84,78,87,81,85,77,39,38,24,24,1000.0,376.95,1,0,H,0,0,D,24,2,10,1,12,5,14,1,3,2,0,1,3.0,0.08,1.99,0.08,2.94,0.03,6.25,47.43,1.14,8.0,19.0,1.17,7.75,16.0,1.15,7.75,19.0,1.17,8.21,20.21,1.14,7.5,21.0,1.13,8.5,23.0,1.16,8.25,21.0
E0,2021-12-11,Arsenal,Southampton,79,76,83,76,79,77,78,75,41,33,23,25,613.05,274.3,3,0,H,2,0,H,15,11,5,6,5,9,9,8,2,0,0,0,2.08,0.5,2.0,0.32,2.53,0.32,21.38,20.0,1.61,4.0,5.5,1.65,4.0,5.0,1.65,4.0,5.0,1.68,4.01,5.61,1.63,3.9,5.25,1.62,3.8,5.25,1.75,4.1,4.76
E0,2021-12-11,Chelsea,Leeds,84,76,84,78,86,77,82,76,44,35,25,23,914.5,299.45,3,2,H,1,1,D,16,12,6,5,9,15,5,2,2,5,0,0,2.75,1.73,0.93,0.82,2.1,0.68,7.0,11.72,1.25,5.75,12.0,1.3,5.5,10.0,1.27,6.0,11.0,1.28,6.1,11.9,1.25,5.5,13.0,1.22,6.0,12.0,1.25,6.75,13.0
E0,2021-12-11,Liverpool,Aston Villa,84,78,86,80,83,75,85,77,49,44,24,24,918.9,487.75,1,0,H,0,0,D,20,4,5,0,13,6,11,3,1,2,0,0,2.71,0.14,0.75,0.08,2.91,0.05,5.23,24.73,1.2,7.0,13.0,1.25,6.25,10.5,1.25,6.75,11.0,1.23,7.15,12.65,1.24,6.0,11.0,1.2,6.5,12.0,1.24,6.75,13.0
E0,2021-12-11,Norwich,Manchester United,74,84,76,88,74,83,74,82,45,43,24,25,163.2,769.15,0,1,A,0,0,D,11,13,5,5,6,17,8,6,1,1,0,0,0.99,2.1,0.5,1.12,0.54,2.26,24.7,8.55,7.0,4.5,1.45,6.5,4.6,1.46,6.75,4.7,1.45,7.52,4.9,1.45,7.0,4.4,1.44,7.5,4.5,1.4,7.48,5.11,1.44
E0,2021-12-12,Burnley,West Ham,76,79,76,80,76,79,76,79,35,36,27,26,138.05,354.9,0,0,D,0,0,D,9,16,1,3,13,11,6,4,2,1,0,0,0.55,1.0,0.5,0.52,0.91,1.74,11.41,7.18,3.6,3.6,2.0,3.6,3.6,1.98,3.5,3.6,2.05,3.74,3.75,2.05,3.5,3.5,2.05,3.6,3.4,2.0,3.58,3.53,2.16
E0,2021-12-12,Leicester,Newcastle United,80,75,82,76,81,76,78,74,40,34,25,27,526.549999,313.9,4,0,H,1,0,H,8,12,5,3,9,16,4,6,2,3,0,0,2.06,0.51,1.17,0.32,2.6,0.26,12.17,7.39,1.66,4.1,4.75,1.68,4.0,4.75,1.75,4.1,4.3,1.78,4.01,4.71,1.72,3.9,4.4,1.7,3.9,4.33,1.7,4.12,5.06
E0,2021-12-12,Crystal Palace,Everton,76,79,77,78,76,78,74,79,33,42,25,25,271.05,479.05,3,1,H,1,0,H,17,12,6,6,15,14,8,2,0,2,0,0,2.1,1.28,1.61,0.56,2.0,0.77,8.13,9.61,2.3,3.2,3.3,2.25,3.25,3.2,2.3,3.2,3.35,2.3,3.22,3.63,2.25,3.2,3.3,2.25,3.1,3.4,2.27,3.25,3.66
E0,2021-12-14,Norwich,Aston Villa,74,78,76,80,74,75,74,77,45,44,24,24,163.2,487.75,0,2,A,0,1,A,7,17,3,6,12,9,7,10,3,1,0,0,0.5,1.96,0.12,1.87,0.26,2.58,8.77,14.15,3.3,3.3,2.25,3.3,3.25,2.25,3.3,3.25,2.3,3.45,3.3,2.33,3.4,3.0,2.3,3.4,3.3,2.25,3.78,3.43,2.14
E0,2021-12-14,Manchester City,Leeds,85,76,84,78,87,77,85,76,39,35,24,23,1000.0,299.45,7,0,H,3,0,H,31,6,15,3,5,9,6,2,1,1,0,0,3.31,0.23,2.58,0.16,2.92,0.05,11.65,27.0,1.14,8.5,15.0,1.14,8.75,19.0,1.15,8.25,16.0,1.16,9.0,19.75,1.14,8.0,19.0,1.14,9.0,20.0,1.14,9.5,20.0
E0,2021-12-15,Brighton,Wolverhampton Wanderers,76,78,77,78,75,81,77,77,43,38,24,24,318.0,376.95,0,1,A,0,1,A,12,8,2,5,11,14,7,4,2,0,0,0,1.2,1.12,0.99,0.92,1.45,1.22,6.33,17.93,2.25,3.1,3.5,2.2,3.0,3.6,2.35,3.1,3.35,2.37,3.05,3.66,2.3,2.9,3.6,2.25,3.0,3.4,2.0,3.25,4.6
E0,2021-12-15,Crystal Palace,Southampton,76,76,77,76,76,77,74,75,33,33,25,25,271.05,274.3,2,2,D,1,2,A,9,15,6,4,16,20,4,6,2,4,0,0,1.49,0.63,0.81,0.46,2.11,0.64,5.33,6.36,2.15,3.3,3.5,2.15,3.3,3.5,2.15,3.35,3.5,2.17,3.41,3.71,2.1,3.4,3.5,2.1,3.25,3.5,2.03,3.49,4.08
E0,2021-12-15,Arsenal,West Ham,79,79,83,80,79,79,78,79,41,36,23,26,613.05,354.9,2,0,H,0,0,D,21,7,8,1,8,9,5,2,2,0,0,1,2.81,0.34,1.07,0.17,2.85,0.09,9.09,13.44,2.1,3.6,3.3,2.15,3.6,3.2,2.25,3.5,3.15,2.27,3.58,3.32,2.15,3.5,3.25,2.15,3.4,3.2,2.3,3.62,3.19
E0,2021-12-16,Chelsea,Everton,84,79,84,78,85,78,82,79,44,42,25,25,914.5,479.05,1,1,D,0,0,D,23,5,10,3,11,11,7,1,2,3,0,0,3.2,0.63,2.92,0.59,2.8,0.12,5.07,25.24,1.22,6.5,13.0,1.24,6.25,12.5,1.25,5.75,12.0,1.24,6.36,14.4,1.24,5.8,12.0,1.22,5.75,13.0,1.23,7.83,16.72
E0,2021-12-16,Liverpool,Newcastle United,84,75,86,76,83,76,85,74,49,34,24,27,918.9,313.9,3,1,H,2,1,H,23,4,8,2,9,4,11,0,1,3,0,0,2.94,0.21,1.54,0.02,2.94,0.03,5.12,35.3,1.12,9.0,19.0,1.12,9.25,21.0,1.12,9.0,20.0,1.13,9.72,24.98,1.11,8.5,23.0,1.09,9.5,22.0,1.1,12.0,27.0
E0,2021-12-18,Leeds,Arsenal,76,79,78,83,77,79,76,78,35,41,23,23,299.45,613.05,1,4,A,0,3,A,9,21,2,12,11,7,1,4,3,1,0,0,1.31,3.69,0.53,3.12,0.21,2.7,14.13,7.48,3.9,3.8,1.83,3.9,3.8,1.85,3.8,3.75,1.9,3.89,3.84,1.93,3.75,3.7,1.91,4.0,3.6,1.85,5.58,4.41,1.62
E0,2021-12-19,Newcastle United,Manchester City,75,85,76,84,76,87,74,85,34,39,27,24,313.9,1000.0,0,4,A,0,2,A,5,18,1,7,9,6,3,6,1,2,0,0,0.17,3.65,0.15,3.62,0.01,2.98,23.26,9.59,13.0,7.5,1.18,13.5,7.5,1.19,16.0,7.5,1.17,16.21,7.42,1.18,17.0,7.0,1.17,17.0,7.5,1.14,23.5,10.0,1.13
E0,2021-12-19,Wolverhampton Wanderers,Chelsea,78,84,78,84,81,85,77,82,38,44,24,25,376.95,914.5,0,0,D,0,0,D,4,8,1,1,9,7,4,9,0,2,0,0,0.32,0.79,0.29,0.72,0.78,1.81,33.5,10.42,7.0,4.2,1.5,6.25,3.8,1.57,6.25,3.9,1.6,6.52,3.92,1.59,6.5,3.8,1.55,6.5,3.7,1.55,5.74,3.54,1.76
E0,2021-12-19,Tottenham,Liverpool,81,84,85,86,79,83,79,85,45,49,23,24,689.35,918.9,2,2,D,1,1,D,10,18,5,6,12,11,6,4,4,4,0,1,2.8,1.55,1.94,1.39,2.27,0.54,21.18,6.64,5.25,4.75,1.53,5.25,4.4,1.57,5.25,4.3,1.6,5.19,4.78,1.57,5.25,4.4,1.55,5.5,4.1,1.55,5.13,4.4,1.65
E0,2021-12-26,Manchester City,Leicester,85,80,84,82,87,81,85,78,39,40,24,25,1000.0,526.549999,6,3,H,4,0,H,17,14,9,8,11,9,14,4,1,2,0,0,3.83,2.43,1.56,1.65,2.28,0.56,8.96,43.0,1.18,7.5,13.0,1.18,8.0,13.5,1.17,7.75,15.0,1.19,7.91,13.72,1.18,7.0,15.0,1.14,7.5,17.0,1.13,10.5,21.0
E0,2021-12-26,Norwich,Arsenal,74,79,76,83,74,79,74,78,45,41,24,23,163.2,613.05,0,5,A,0,2,A,4,16,2,6,13,7,3,5,1,2,0,0,0.15,2.88,0.15,1.2,0.03,2.94,13.88,9.56,8.0,4.75,1.4,6.75,4.75,1.43,7.25,4.7,1.43,8.02,4.81,1.42,7.5,4.4,1.42,8.0,4.4,1.4,6.58,4.54,1.53
E0,2021-12-26,Tottenham,Crystal Palace,81,76,85,77,79,76,79,74,45,33,23,25,689.35,271.05,3,0,H,2,0,H,17,4,6,0,16,10,4,2,1,1,0,1,2.82,0.18,2.72,0.18,2.9,0.06,5.67,14.0,1.72,3.8,4.75,1.7,3.9,4.8,1.73,3.85,4.8,1.7,3.91,5.21,1.7,3.7,5.0,1.67,3.7,5.0,1.75,3.87,5.14
E0,2021-12-26,West Ham,Southampton,79,76,80,76,78,77,77,75,36,33,26,25,354.9,274.3,2,3,A,0,1,A,11,11,5,6,10,9,10,2,2,3,0,0,1.54,1.36,1.52,0.55,1.52,1.17,9.56,9.36,1.8,3.9,4.2,1.88,3.6,4.0,1.83,3.85,4.1,1.86,3.78,4.28,1.85,3.7,4.0,1.8,3.7,4.2,1.98,3.66,4.07
E0,2021-12-26,Aston Villa,Chelsea,78,84,78,84,76,85,77,82,44,44,24,25,487.75,914.5,1,3,A,1,1,D,8,10,1,4,8,11,2,5,3,1,0,0,0.47,2.83,0.39,1.26,0.1,2.85,23.0,9.23,5.25,3.8,1.65,5.5,3.75,1.65,5.0,3.75,1.7,5.57,3.77,1.69,5.25,3.7,1.67,5.25,3.6,1.67,5.37,3.91,1.71
E0,2021-12-26,Brighton,Brentford,76,74,77,75,75,74,77,72,43,38,24,24,318.0,273.3,2,0,H,2,0,H,15,16,5,6,8,10,6,9,1,3,0,0,0.94,1.1,0.71,0.94,1.19,1.5,10.32,12.63,1.9,3.4,4.2,1.93,3.5,4.0,1.95,3.45,4.1,1.95,3.49,4.25,1.95,3.4,4.0,1.9,3.25,4.2,1.99,3.41,4.42
E0,2021-12-27,Newcastle United,Manchester United,75,83,76,86,76,83,74,81,34,43,27,25,313.9,769.15,1,1,D,1,0,H,13,13,8,4,11,8,2,4,3,3,0,0,1.27,1.76,1.08,1.63,0.98,1.73,14.18,5.59,6.5,4.75,1.44,6.0,4.6,1.47,6.25,4.7,1.5,6.92,4.46,1.49,6.5,4.4,1.47,6.5,4.5,1.44,6.28,4.74,1.53
E0,2021-12-28,Crystal Palace,Norwich,76,74,77,76,76,74,74,74,33,45,25,24,271.05,163.2,3,0,H,3,0,H,19,12,6,3,9,13,8,8,1,2,0,0,2.39,0.59,0.85,0.38,2.61,0.26,10.89,11.14,1.65,3.75,5.5,1.66,3.6,5.75,1.67,3.65,5.5,1.69,3.77,5.91,1.63,3.75,5.5,1.67,3.7,6.0,1.78,3.6,5.48
E0,2021-12-28,Southampton,Tottenham,76,81,76,85,77,79,75,79,33,45,25,23,274.3,689.35,1,1,D,1,1,D,9,21,2,11,15,5,3,7,2,2,1,0,0.35,2.81,0.24,1.88,0.1,2.83,8.14,7.64,3.75,3.5,2.0,3.5,3.5,2.05,3.8,3.4,2.05,3.87,3.52,2.08,3.6,3.5,2.0,3.75,3.5,2.05,3.77,3.37,2.17
E0,2021-12-28,Watford,West Ham,75,79,75,80,76,78,74,77,47,36,25,26,156.2,354.9,1,4,A,1,2,A,14,13,5,6,12,12,4,5,0,1,0,0,1.01,2.84,0.75,2.04,0.3,2.58,9.04,4.72,3.4,3.6,2.1,3.3,3.5,2.15,3.2,3.55,2.2,3.35,3.6,2.24,3.25,3.5,2.15,3.25,3.6,2.2,3.59,3.84,2.07
E0,2021-12-28,Leicester,Liverpool,80,84,82,86,81,83,78,85,40,49,25,24,526.549999,918.9,1,0,H,0,0,D,6,21,1,4,8,11,1,12,0,1,0,0,0.62,2.73,0.62,1.04,0.15,2.76,18.58,6.0,8.0,5.5,1.33,7.5,5.75,1.35,7.0,5.25,1.4,7.76,5.82,1.38,8.0,5.25,1.35,8.5,5.75,1.33,8.27,6.23,1.33
E0,2021-12-29,Chelsea,Brighton,84,76,84,77,85,75,82,77,44,43,25,24,914.5,318.0,1,1,D,1,0,H,11,18,5,6,14,7,10,8,4,1,0,0,0.76,0.79,0.57,0.61,1.3,1.33,9.22,12.63,1.4,4.5,7.5,1.44,4.33,7.75,1.4,4.6,8.5,1.42,4.56,8.59,1.42,4.33,8.0,1.4,4.33,8.0,1.35,5.04,11.23
E0,2021-12-29,Brentford,Manchester City,74,85,75,84,74,87,72,85,38,39,24,24,273.3,1000.0,0,1,A,0,1,A,6,12,2,3,12,10,3,5,0,0,0,0,0.24,1.02,0.2,0.85,0.5,2.21,13.09,5.09,19.0,8.0,1.14,15.5,8.0,1.17,18.0,7.75,1.15,16.97,7.96,1.17,17.0,7.5,1.15,19.0,7.5,1.13,14.33,8.47,1.19
E0,2021-12-30,Manchester United,Burnley,83,76,86,76,83,76,81,76,43,35,25,27,769.15,138.05,3,1,H,3,1,H,18,10,6,3,5,10,7,5,0,0,0,0,1.81,0.87,1.08,0.72,2.08,0.69,20.2,11.86,1.36,5.0,9.0,1.36,5.0,8.5,1.4,4.9,7.75,1.38,4.97,8.67,1.36,4.75,8.5,1.33,4.75,8.5,1.39,4.97,9.7
E0,2022-01-01,Arsenal,Manchester City,79,85,83,84,79,87,78,85,41,39,23,24,613.05,1000.0,1,2,A,1,0,H,7,15,2,2,13,5,5,5,3,2,1,0,0.84,1.95,0.21,0.68,0.5,2.29,13.12,7.0,5.75,4.75,1.5,6.0,4.6,1.49,5.75,4.8,1.5,6.01,4.57,1.53,5.8,4.33,1.52,5.75,4.33,1.5,5.24,4.21,1.68
E0,2022-01-01,Watford,Tottenham,75,81,75,85,76,79,74,79,47,45,25,23,156.2,689.35,0,1,A,0,0,D,6,21,4,9,6,9,3,7,0,1,0,0,0.3,1.94,0.16,1.74,0.24,2.62,31.78,5.64,5.0,4.2,1.61,5.25,4.2,1.6,5.25,4.1,1.63,5.42,4.25,1.62,5.25,3.9,1.63,5.5,3.9,1.57,6.01,4.12,1.63
E0,2022-01-01,Crystal Palace,West Ham,76,79,77,80,76,78,74,77,33,36,25,26,271.05,354.9,2,3,A,0,3,A,22,10,6,5,6,16,9,1,0,2,0,0,2.69,2.23,2.47,1.19,1.69,1.08,10.2,9.82,3.1,3.4,2.3,3.2,3.5,2.15,3.0,3.45,2.35,3.09,3.41,2.4,3.0,3.4,2.3,3.0,3.4,2.25,3.56,3.37,2.25
E0,2022-01-02,Brentford,Aston Villa,74,78,75,78,74,76,72,77,38,44,24,24,273.3,487.75,2,1,H,1,1,D,10,16,4,5,17,11,3,7,2,2,0,0,0.5,1.14,0.36,1.04,0.77,1.91,8.1,12.94,3.0,3.3,2.4,2.95,3.25,2.4,3.0,3.3,2.45,3.09,3.3,2.46,2.9,3.25,2.45,3.0,3.2,2.38,2.95,3.21,2.69
E0,2022-01-02,Everton,Brighton,79,76,78,77,78,75,79,77,42,43,25,24,479.05,318.0,2,3,A,0,2,A,17,12,6,5,5,12,8,5,1,1,0,0,1.83,1.48,0.58,1.33,1.62,1.09,11.32,8.09,2.75,3.2,2.62,2.85,3.0,2.7,2.7,3.2,2.7,2.87,3.08,2.78,2.7,3.1,2.7,2.7,3.1,2.63,2.91,3.12,2.67
E0,2022-01-02,Leeds,Burnley,76,76,78,76,77,76,76,76,35,35,23,27,299.45,138.05,3,1,H,1,0,H,22,8,7,2,11,7,9,3,2,1,0,0,2.04,0.96,1.9,0.9,2.15,0.62,6.17,8.62,2.05,3.5,3.5,1.95,3.5,3.75,2.05,3.6,3.5,2.02,3.59,3.83,2.05,3.5,3.5,2.0,3.4,3.7,2.12,3.52,3.73
E0,2022-01-02,Chelsea,Liverpool,84,84,84,86,85,83,82,85,44,49,25,24,914.5,918.9,2,2,D,2,2,D,15,10,6,6,5,13,6,7,1,2,0,0,1.39,1.79,1.09,0.81,1.05,1.69,8.83,12.36,3.1,3.5,2.25,2.95,3.5,2.3,3.0,3.45,2.35,3.14,3.6,2.29,3.1,3.4,2.25,3.0,3.4,2.25,2.67,3.58,2.72
E0,2022-01-03,Manchester United,Wolverhampton Wanderers,83,78,86,78,83,81,81,77,43,38,25,24,769.15,376.95,0,1,A,0,0,D,9,19,2,6,9,8,3,8,3,1,0,0,0.77,0.84,0.67,0.69,1.25,1.4,14.06,14.11,1.53,4.33,6.0,1.55,4.2,5.75,1.57,4.0,6.0,1.56,4.37,5.98,1.55,3.9,6.5,1.57,3.8,5.75,1.74,3.74,5.53
E0,2022-01-11,Southampton,Brentford,76,74,76,75,77,74,75,72,33,38,25,24,274.3,273.3,4,1,H,2,1,H,12,5,6,4,9,8,5,2,0,1,0,0,1.59,0.62,1.41,0.49,2.19,0.57,8.58,9.78,2.05,3.4,3.6,2.0,3.4,3.75,2.1,3.35,3.6,2.15,3.37,3.82,2.05,3.25,3.8,2.1,3.4,3.7,2.23,3.33,3.67
E0,2022-01-12,West Ham,Norwich,79,74,80,76,78,74,77,74,36,45,26,24,354.9,163.2,2,0,H,1,0,H,13,7,5,3,9,8,11,2,0,0,0,0,2.89,0.34,2.78,0.32,2.86,0.08,9.55,28.5,1.28,5.5,10.0,1.3,5.25,10.5,1.33,5.5,9.5,1.32,5.53,10.04,1.3,5.0,11.0,1.29,5.25,10.5,1.4,5.15,8.47
E0,2022-01-14,Brighton,Crystal Palace,76,76,77,77,75,76,77,74,43,33,24,25,318.0,271.05,1,1,D,0,0,D,19,3,4,1,11,7,9,0,0,2,0,0,2.18,0.51,1.19,0.51,2.62,0.23,5.32,24.58,2.05,3.3,3.8,2.05,3.2,4.0,2.2,3.2,3.6,2.11,3.29,4.08,2.05,3.2,3.9,2.1,3.3,3.9,2.05,3.4,4.14
E0,2022-01-15,Manchester City,Chelsea,85,84,84,84,87,85,85,82,39,44,24,25,1000.0,914.5,1,0,H,0,0,D,11,4,6,1,11,6,9,1,0,2,0,0,0.9,0.61,0.85,0.59,1.56,1.06,13.35,16.9,1.65,4.0,5.0,1.68,3.9,5.0,1.75,3.7,4.8,1.72,3.79,5.2,1.67,3.75,5.25,1.7,3.9,5.0,1.67,4.21,5.35
E0,2022-01-15,Newcastle United,Watford,76,75,79,75,75,76,76,74,34,47,27,25,313.9,156.2,1,1,D,0,0,D,12,18,1,5,13,13,4,6,3,2,0,0,1.04,1.5,0.79,1.32,1.0,1.73,7.34,10.24,2.0,3.6,3.6,2.0,3.5,3.7,2.05,3.6,3.45,2.05,3.74,3.59,2.05,3.4,3.6,2.0,3.5,3.5,1.84,3.71,4.61
E0,2022-01-15,Norwich,Everton,74,79,76,78,74,78,74,77,45,42,24,25,163.2,479.05,2,1,H,2,0,H,14,12,3,5,12,14,8,8,3,1,0,0,1.0,0.54,0.82,0.32,1.84,0.82,12.1,5.35,3.75,3.5,2.0,3.6,3.4,2.05,3.7,3.4,2.05,3.77,3.54,2.06,3.6,3.4,2.05,3.75,3.3,2.0,3.56,3.37,2.25
E0,2022-01-15,Wolverhampton Wanderers,Southampton,78,76,78,76,81,77,78,75,38,33,24,25,376.95,274.3,3,1,H,1,0,H,9,13,5,10,13,14,2,10,2,3,0,0,2.3,0.92,0.7,0.78,2.46,0.38,9.48,12.85,2.25,3.2,3.4,2.25,3.2,3.3,2.3,3.15,3.35,2.35,3.18,3.4,2.3,3.0,3.4,2.25,3.1,3.4,2.49,3.04,3.44
E0,2022-01-15,Aston Villa,Manchester United,78,83,78,86,78,83,78,81,44,43,24,25,487.75,769.15,2,2,D,0,1,A,13,13,9,6,8,13,3,6,1,2,0,0,1.83,1.35,1.45,0.68,1.75,0.99,14.37,10.66,2.87,3.5,2.4,3.0,3.5,2.25,2.9,3.4,2.4,2.89,3.51,2.49,2.9,3.4,2.35,2.88,3.3,2.38,2.49,3.61,2.91
E0,2022-01-16,Liverpool,Brentford,84,74,86,75,83,74,85,72,49,38,24,24,918.9,273.3,3,0,H,1,0,H,27,6,13,1,6,6,9,0,0,1,0,0,3.49,0.38,2.64,0.37,2.9,0.06,8.82,15.15,1.3,5.5,10.0,1.31,5.5,9.5,1.3,5.5,10.0,1.3,5.82,10.45,1.27,5.5,11.0,1.25,5.5,11.5,1.29,6.25,11.37
E0,2022-01-16,West Ham,Leeds,79,76,80,78,78,77,77,76,36,35,26,23,354.9,299.45,2,3,A,1,2,A,15,18,5,5,6,9,4,3,3,2,0,0,2.35,2.27,1.39,2.2,1.43,1.3,9.36,8.45,1.61,4.2,5.0,1.6,4.2,5.25,1.67,4.2,4.7,1.65,4.28,5.13,1.63,4.0,5.0,1.62,4.0,5.0,1.69,4.24,5.03
E0,2022-01-18,Brighton,Chelsea,76,84,77,84,75,85,77,82,43,44,24,25,318.0,914.5,1,1,D,0,1,A,10,15,2,3,8,5,5,7,1,2,0,0,0.75,0.57,0.63,0.4,1.5,1.12,14.22,13.13,4.75,3.75,1.72,4.5,3.7,1.78,5.0,3.85,1.7,4.75,3.79,1.78,5.0,3.5,1.72,5.25,3.6,1.75,5.48,3.81,1.72
E0,2022-01-19,Leicester,Tottenham,80,81,80,85,81,79,78,79,40,45,25,23,526.549999,689.35,2,3,A,1,1,D,14,27,4,10,6,12,3,8,1,2,0,0,1.95,4.25,1.25,2.74,0.31,2.59,29.5,16.13,3.0,3.5,2.3,3.1,3.3,2.3,3.0,3.4,2.35,3.12,3.41,2.38,3.0,3.3,2.35,2.9,3.4,2.3,3.34,3.5,2.27
E0,2022-01-19,Brentford,Manchester United,74,83,75,86,74,83,72,81,38,43,24,25,273.3,769.15,1,3,A,0,0,D,18,13,8,5,7,9,6,9,0,0,0,0,2.08,2.06,1.81,2.0,1.38,1.38,10.52,12.06,4.5,3.7,1.8,4.75,3.5,1.77,4.3,3.7,1.83,4.68,3.46,1.88,4.4,3.5,1.83,4.4,3.5,1.8,4.91,3.91,1.76
E0,2022-01-21,Watford,Norwich,75,74,75,76,76,74,74,74,47,45,25,24,156.2,163.2,0,3,A,0,0,D,15,7,4,2,16,11,5,1,0,1,1,0,1.31,0.93,0.83,0.82,1.65,1.03,5.09,8.25,2.0,3.5,3.75,2.05,3.6,3.5,2.1,3.45,3.55,2.09,3.53,3.66,2.05,3.4,3.6,2.05,3.5,3.75,2.07,3.54,3.88
E0,2022-01-22,Everton,Aston Villa,78,79,81,78,78,78,77,79,42,44,25,24,479.05,487.75,0,1,A,0,1,A,15,8,1,3,14,16,9,2,5,3,0,0,1.24,0.86,1.03,0.65,1.68,1.01,6.62,4.88,2.75,3.25,2.62,2.6,3.3,2.65,2.7,3.3,2.65,2.82,3.25,2.7,2.7,3.2,2.62,2.7,3.2,2.6,2.65,3.63,2.69
E0,2022-01-22,Brentford,Wolverhampton Wanderers,74,78,75,78,74,82,74,78,38,38,24,24,273.3,376.95,1,2,A,0,0,D,11,7,1,2,6,7,6,3,2,3,0,0,0.74,0.22,0.38,0.19,1.82,0.74,10.09,15.93,3.2,2.8,2.6,3.0,3.0,2.55,3.05,3.05,2.55,3.15,3.11,2.54,3.0,3.0,2.55,3.0,3.0,2.5,2.53,3.07,3.33
E0,2022-01-22,Leeds,Newcastle United,76,76,78,77,77,75,76,76,35,34,23,27,299.45,313.9,0,1,A,0,0,D,13,15,4,3,9,9,6,7,4,2,0,0,1.13,1.16,0.62,0.88,1.34,1.35,6.11,13.21,2.0,3.5,3.75,1.9,3.7,3.8,2.0,3.75,3.5,2.03,3.72,3.67,2.0,3.6,3.6,1.95,3.6,3.6,1.86,4.06,4.17
E0,2022-01-22,Manchester United,West Ham,83,79,86,80,83,78,81,77,43,36,25,26,769.15,354.9,1,0,H,0,0,D,18,6,3,1,9,8,3,3,1,1,0,0,1.76,0.24,1.61,0.1,2.74,0.15,12.05,11.84,1.85,3.8,4.0,1.87,3.8,3.8,1.9,3.8,3.75,1.93,3.85,3.9,1.91,3.7,3.75,1.85,3.7,3.9,2.17,3.6,3.52
E0,2022-01-22,Southampton,Manchester City,76,85,76,84,77,87,75,85,33,39,25,24,274.3,1000.0,1,1,D,1,0,H,7,20,3,5,13,5,2,11,3,0,0,0,1.0,1.63,0.22,1.43,0.85,1.86,20.94,4.9,10.0,6.5,1.25,9.5,6.25,1.28,9.5,6.0,1.3,10.23,6.18,1.27,11.0,5.5,1.27,10.5,5.75,1.25,12.25,6.06,1.3
E0,2022-01-23,Arsenal,Burnley,80,76,83,75,80,76,79,76,41,35,23,27,613.05,138.05,0,0,D,0,0,D,20,10,5,1,9,13,12,4,0,2,0,0,1.36,0.39,1.16,0.38,2.17,0.56,6.0,24.79,1.36,4.75,9.0,1.37,4.75,9.0,1.37,5.0,8.25,1.36,5.22,9.18,1.35,4.5,10.0,1.33,4.75,9.0,1.32,5.57,11.9
E0,2022-01-23,Crystal Palace,Liverpool,76,84,77,87,76,84,74,84,33,49,25,24,271.05,918.9,1,3,A,0,2,A,8,15,5,7,12,10,2,5,4,1,0,0,1.63,1.5,1.42,0.67,1.48,1.23,10.89,13.57,6.0,4.2,1.53,6.0,4.1,1.55,5.25,4.3,1.6,5.75,4.14,1.61,5.8,4.0,1.57,5.75,4.1,1.53,6.26,4.27,1.58
E0,2022-01-23,Leicester,Brighton,80,76,80,77,81,75,78,77,40,43,25,24,526.549999,318.0,1,1,D,0,0,D,15,14,5,5,6,8,4,5,0,1,0,0,1.71,1.2,0.75,1.03,1.8,0.93,16.72,10.22,2.5,3.25,2.9,2.5,3.4,2.75,2.55,3.35,2.8,2.66,3.36,2.78,2.5,3.25,2.8,2.5,3.25,2.75,2.71,3.39,2.79
E0,2022-01-23,Chelsea,Tottenham,84,81,84,85,85,79,82,79,44,45,25,23,914.5,689.35,2,0,H,0,0,D,15,6,7,3,17,14,10,3,2,1,0,0,1.04,0.33,0.99,0.33,2.0,0.67,5.65,16.96,1.61,4.2,5.0,1.7,3.9,4.75,1.7,3.85,4.9,1.7,4.17,4.82,1.67,3.8,5.0,1.65,3.7,5.25,1.74,3.89,5.2
E0,2022-02-05,Burnley,Watford,76,75,77,75,75,76,77,74,35,47,27,25,138.05,156.2,0,0,D,0,0,D,13,11,2,5,16,9,4,7,1,2,0,0,0.77,0.93,0.5,0.93,1.18,1.48,8.32,9.19,2.2,3.25,3.5,2.15,3.3,3.4,2.2,3.3,3.35,2.19,3.27,3.69,2.2,3.2,3.4,2.15,3.2,3.4,2.22,3.32,3.69
E0,2022-02-08,Newcastle United,Everton,77,79,77,81,76,78,76,78,34,42,27,25,313.9,479.05,3,1,H,1,1,D,20,11,9,3,13,13,6,2,2,3,0,0,2.69,0.82,1.48,0.75,2.62,0.25,6.95,5.32,2.5,3.25,2.87,2.4,3.4,2.85,2.5,3.35,2.85,2.57,3.42,2.94,2.5,3.3,2.8,2.5,3.4,2.9,2.59,3.44,2.87
E0,2022-02-08,West Ham,Watford,79,75,80,75,79,76,77,74,36,47,26,25,354.9,156.2,1,0,H,0,0,D,9,6,3,1,1,6,5,6,1,0,0,0,0.91,0.34,0.71,0.33,1.96,0.68,7.74,22.8,1.55,4.2,5.75,1.57,4.0,5.75,1.55,4.3,6.0,1.54,4.42,6.7,1.47,4.4,6.5,1.53,4.33,6.5,1.55,4.32,7.03
E0,2022-02-08,Burnley,Manchester United,76,83,77,82,75,83,77,81,35,43,27,25,138.05,769.15,1,1,D,0,1,A,9,22,3,5,11,10,2,10,2,1,0,0,0.77,1.83,0.69,1.11,0.59,2.18,12.19,7.63,5.5,4.0,1.61,5.75,4.0,1.58,5.5,4.0,1.63,6.09,4.13,1.62,5.8,3.9,1.6,6.0,4.1,1.6,6.65,4.25,1.56
E0,2022-02-09,Manchester City,Brentford,85,74,84,75,87,75,85,74,39,38,24,24,1000.0,273.3,2,0,H,1,0,H,15,6,7,2,7,13,9,3,0,0,0,0,1.98,0.46,0.75,0.43,2.55,0.29,5.2,16.47,1.1,9.5,23.0,1.11,10.0,23.0,1.12,9.5,22.0,1.12,10.16,25.77,1.1,9.0,23.0,1.07,10.0,26.0,1.1,11.25,31.0
E0,2022-02-09,Norwich,Crystal Palace,74,76,71,77,74,76,74,75,45,33,24,25,163.2,271.05,1,1,D,1,0,H,5,13,1,5,11,15,4,6,1,2,0,0,0.3,1.23,0.2,0.21,0.41,2.34,17.52,4.63,3.5,3.25,2.15,3.4,3.25,2.2,3.45,3.35,2.15,3.66,3.38,2.21,3.4,3.3,2.15,3.5,3.2,2.15,3.53,3.27,2.31
E0,2022-02-09,Tottenham,Southampton,81,76,83,76,79,77,79,75,45,33,23,25,689.35,274.3,2,3,A,1,1,D,8,23,3,10,7,13,2,8,2,3,0,0,1.74,1.73,1.7,1.52,1.39,1.34,10.84,9.48,1.6,4.0,5.5,1.58,4.1,5.5,1.63,4.1,5.25,1.61,4.19,6.03,1.57,4.0,5.8,1.57,4.0,5.5,1.57,4.27,6.41
E0,2022-02-09,Aston Villa,Leeds,78,76,79,78,76,77,79,76,44,35,24,23,487.75,299.45,3,3,D,3,2,H,12,16,4,8,11,9,6,11,1,3,1,0,1.5,2.53,1.28,0.99,0.65,2.14,13.86,9.87,1.8,3.8,4.2,1.8,4.0,3.9,1.8,3.9,4.2,1.83,4.0,4.4,1.78,3.8,4.2,1.75,3.75,4.33,1.98,3.71,3.96
E0,2022-02-10,Liverpool,Leicester,85,80,87,80,83,81,85,78,49,40,24,25,918.9,526.549999,2,0,H,1,0,H,22,5,11,1,11,7,7,6,1,0,0,0,2.73,0.54,1.24,0.49,2.72,0.18,4.52,23.67,1.25,6.5,10.0,1.27,6.25,9.5,1.25,6.5,9.5,1.26,6.84,11.21,1.24,6.0,11.0,1.22,6.5,10.5,1.2,8.0,14.0
E0,2022-02-10,Wolverhampton Wanderers,Arsenal,78,79,78,82,82,79,78,79,38,41,24,23,376.95,613.05,0,1,A,0,1,A,15,12,4,2,12,13,7,4,2,3,0,1,0.64,1.45,0.4,1.48,0.56,2.19,9.05,15.75,3.5,3.2,2.2,3.6,3.2,2.15,3.45,3.25,2.2,3.72,3.28,2.23,3.4,3.2,2.2,3.5,3.13,2.15,4.16,3.35,2.05
E0,2022-02-12,Manchester United,Southampton,83,76,82,76,83,77,81,75,43,33,25,25,769.15,274.3,1,1,D,1,0,H,12,13,8,4,12,13,1,4,4,0,0,0,2.99,0.68,2.93,0.58,2.79,0.14,10.61,9.07,1.6,4.0,5.5,1.55,4.33,5.5,1.65,3.9,5.5,1.63,4.32,5.53,1.6,4.2,5.25,1.57,4.0,5.5,1.54,4.61,6.26
E0,2022-02-12,Brentford,Crystal Palace,74,76,75,77,75,76,74,75,38,33,24,25,273.3,271.05,0,0,D,0,0,D,9,6,2,3,10,10,3,9,1,0,0,0,1.98,0.5,1.95,0.5,2.56,0.28,9.08,5.7,2.55,3.1,3.0,2.65,3.1,2.75,2.6,3.1,2.9,2.77,3.08,2.98,2.62,3.0,2.9,2.55,3.0,2.88,3.14,3.28,2.49
E0,2022-02-12,Everton,Leeds,79,76,81,78,78,77,78,76,42,35,25,23,479.05,299.45,3,0,H,2,0,H,21,7,10,0,8,9,5,3,1,1,0,0,2.59,0.24,1.25,0.17,2.87,0.08,11.15,6.04,2.25,3.5,3.0,2.2,3.7,3.0,2.3,3.6,2.95,2.37,3.58,3.12,2.3,3.6,2.88,2.25,3.6,2.9,2.66,3.65,2.67
E0,2022-02-12,Watford,Brighton,75,76,75,77,75,75,74,77,47,43,25,24,156.2,318.0,0,2,A,0,1,A,9,11,1,6,16,9,4,5,3,2,0,0,0.53,1.8,0.26,1.11,0.36,2.46,10.8,5.7,3.5,3.3,2.05,3.5,3.3,2.1,3.6,3.25,2.15,3.85,3.38,2.14,3.6,3.25,2.1,3.7,3.1,2.1,4.25,3.45,2.0
E0,2022-02-12,Norwich,Manchester City,74,85,71,84,74,87,74,85,45,39,24,24,163.2,1000.0,0,4,A,0,1,A,8,22,3,9,7,8,4,12,0,2,0,0,0.36,4.45,0.36,3.35,0.01,2.99,39.11,9.24,15.0,8.0,1.16,18.0,7.25,1.17,13.0,7.75,1.2,18.96,7.94,1.18,15.0,8.0,1.15,18.0,8.0,1.13,18.5,7.75,1.18
E0,2022-02-13,Burnley,Liverpool,76,85,77,87,75,83,77,85,35,49,27,24,138.05,918.9,0,1,A,0,1,A,8,12,5,4,7,6,5,8,0,1,0,0,1.16,1.96,1.16,1.23,0.61,2.12,13.63,8.1,10.0,5.25,1.28,9.75,5.5,1.3,11.0,5.75,1.3,10.82,6.03,1.29,11.0,5.25,1.29,11.5,5.5,1.25,13.5,7.2,1.22
E0,2022-02-13,Newcastle United,Aston Villa,77,78,77,79,76,76,76,79,34,44,27,24,313.9,487.75,1,0,H,1,0,H,10,11,2,1,22,15,3,6,3,4,0,0,0.53,0.46,0.29,0.4,1.34,1.19,6.76,3.96,2.7,3.3,2.62,2.75,3.4,2.5,2.7,3.4,2.6,2.78,3.48,2.67,2.7,3.5,2.5,2.63,3.4,2.55,2.83,3.4,2.67
E0,2022-02-13,Tottenham,Wolverhampton Wanderers,81,78,83,78,79,82,79,78,45,38,23,24,689.35,376.95,0,2,A,0,2,A,17,11,7,7,13,13,7,3,3,1,0,0,0.84,1.87,0.53,0.85,0.54,2.25,9.68,18.39,1.7,3.6,5.5,1.65,3.75,5.5,1.67,3.75,5.5,1.69,3.82,5.86,1.65,3.7,5.5,1.62,3.6,5.75,1.69,3.78,5.9
E0,2022-02-13,Leicester,West Ham,80,79,80,80,81,79,78,77,40,36,25,26,526.549999,354.9,2,2,D,1,1,D,13,8,2,3,10,9,5,4,1,2,0,0,1.41,0.75,0.53,0.58,1.95,0.76,11.32,15.86,2.9,3.5,2.3,2.7,3.6,2.4,2.8,3.55,2.4,3.05,3.62,2.39,2.75,3.6,2.38,2.8,3.5,2.38,3.02,3.62,2.39
E0,2022-02-15,Manchester United,Brighton,83,76,82,77,83,75,81,77,43,43,25,24,769.15,318.0,2,0,H,0,0,D,19,10,7,3,8,10,10,2,3,1,0,1,2.75,1.26,2.55,1.2,2.32,0.5,12.48,9.36,1.72,3.75,4.75,1.72,3.7,4.8,1.8,3.65,4.6,1.81,3.78,4.87,1.72,3.7,4.75,1.73,3.8,5.0,1.83,3.59,5.0
E0,2022-02-19,West Ham,Newcastle United,79,77,80,77,79,76,77,77,36,34,26,27,354.9,313.9,1,1,D,1,1,D,11,14,3,3,3,7,3,7,3,3,0,0,0.85,0.93,0.76,0.74,1.24,1.43,23.4,12.06,1.7,4.0,4.75,1.7,3.75,5.0,1.7,4.0,4.8,1.72,3.88,5.4,1.67,3.75,5.0,1.67,4.0,5.25,1.62,4.21,5.8
E0,2022-02-19,Arsenal,Brentford,79,74,82,75,79,75,79,74,41,38,23,24,613.05,273.3,2,1,H,0,0,D,24,6,8,2,10,5,14,0,1,1,0,0,1.52,0.64,0.78,0.56,2.07,0.66,7.3,24.1,1.44,4.2,8.0,1.46,4.5,7.0,1.47,4.4,7.25,1.47,4.46,8.32,1.44,4.2,7.5,1.4,4.33,8.0,1.52,4.12,7.83
E0,2022-02-19,Aston Villa,Watford,78,75,79,75,76,75,79,74,44,47,24,25,487.75,156.2,0,1,A,0,0,D,20,8,1,4,12,7,10,5,1,2,0,0,1.03,1.82,0.94,1.79,0.72,2.05,9.0,21.86,1.65,3.6,5.75,1.63,3.9,5.25,1.65,3.9,5.25,1.68,3.95,5.62,1.6,3.9,5.5,1.62,3.7,5.5,1.61,4.04,6.2
E0,2022-02-19,Brighton,Burnley,76,76,77,77,75,75,77,77,43,35,24,27,318.0,138.05,0,3,A,0,2,A,11,10,1,4,12,12,4,4,1,4,0,0,0.45,0.82,0.36,0.77,0.91,1.7,5.15,13.7,1.66,3.5,6.0,1.65,3.7,5.5,1.67,3.7,5.5,1.67,3.78,6.18,1.65,3.6,5.8,1.62,3.6,5.75,1.68,3.53,6.76
E0,2022-02-19,Crystal Palace,Chelsea,76,84,77,82,76,85,75,83,33,44,25,25,271.05,914.5,0,1,A,0,0,D,7,9,0,3,4,20,4,4,1,3,0,0,0.62,1.12,0.59,0.61,0.84,1.84,14.5,5.7,5.5,3.8,1.65,5.5,3.8,1.63,5.25,3.75,1.67,5.86,3.99,1.66,5.5,3.75,1.63,5.5,3.7,1.62,6.49,3.91,1.62
E0,2022-02-19,Liverpool,Norwich,85,74,87,71,83,74,85,74,49,45,24,24,918.9,163.2,3,1,H,0,0,D,29,6,8,1,7,8,9,4,0,1,0,0,3.15,0.67,3.04,0.65,2.75,0.17,7.68,25.43,1.1,9.0,23.0,1.13,9.0,23.0,1.12,9.5,22.0,1.13,9.98,26.49,1.1,9.0,23.0,1.07,10.0,26.0,1.13,9.55,25.79
E0,2022-02-19,Southampton,Everton,76,79,75,81,77,78,75,78,33,42,25,25,274.3,479.05,2,0,H,0,0,D,19,9,11,0,6,9,4,4,0,2,0,0,2.73,0.2,2.64,0.08,2.89,0.07,5.88,9.89,2.1,3.5,3.5,2.05,3.3,3.7,2.1,3.55,3.45,2.1,3.61,3.71,2.05,3.4,3.6,2.05,3.4,3.5,1.99,3.67,3.97
E0,2022-02-19,Manchester City,Tottenham,85,81,84,83,87,79,85,79,39,45,24,23,1000.0,689.35,2,3,A,1,1,D,21,6,4,5,5,7,10,0,0,3,0,0,2.32,2.0,0.7,2.0,1.58,1.17,8.54,62.0,1.28,6.0,10.0,1.26,5.75,12.0,1.3,5.75,9.5,1.29,6.05,11.91,1.27,5.5,11.0,1.25,5.5,11.5,1.28,6.26,11.17
E0,2022-02-20,Leeds,Manchester United,76,83,78,82,77,83,76,81,35,43,23,25,299.45,769.15,2,4,A,0,2,A,16,15,6,9,13,19,3,3,6,3,0,0,1.74,2.61,1.68,2.47,0.81,1.98,5.13,8.31,3.9,3.8,1.85,3.9,3.8,1.87,3.8,3.65,1.95,4.12,3.84,1.93,3.9,3.75,1.85,3.9,3.7,1.85,5.02,4.27,1.68
E0,2022-02-20,Wolverhampton Wanderers,Leicester,78,80,78,80,82,81,78,78,38,40,24,25,376.95,526.549999,2,1,H,1,1,D,11,17,3,7,12,9,7,10,4,4,0,0,0.47,1.55,0.37,1.32,0.41,2.39,26.0,7.64,2.25,3.3,3.25,2.3,3.1,3.4,2.3,3.25,3.2,2.34,3.24,3.5,2.25,3.25,3.3,2.2,3.2,3.3,2.19,3.27,3.81
E0,2022-02-23,Burnley,Tottenham,76,81,77,83,75,79,77,79,35,45,27,23,138.05,689.35,1,0,H,0,0,D,15,12,4,2,8,8,3,7,0,0,0,0,1.56,0.69,1.49,0.69,2.15,0.61,12.1,9.5,4.6,3.8,1.75,4.5,3.7,1.77,4.6,3.7,1.77,4.94,3.78,1.79,4.5,3.6,1.78,4.75,3.5,1.75,4.71,3.56,1.88
E0,2022-02-23,Watford,Crystal Palace,75,76,75,77,75,76,74,75,47,33,25,25,156.2,271.05,1,4,A,1,2,A,8,7,1,5,12,9,6,4,2,1,0,0,1.72,0.82,1.72,0.75,2.17,0.6,26.77,10.92,3.1,3.3,2.3,3.3,3.25,2.25,3.2,3.15,2.4,3.24,3.24,2.47,3.2,3.1,2.35,3.1,3.1,2.38,3.03,3.17,2.66
E0,2022-02-23,Liverpool,Leeds,85,76,87,78,83,77,85,76,49,35,24,23,918.9,299.45,6,0,H,3,0,H,23,3,15,2,5,11,4,0,0,3,0,0,5.33,0.14,2.66,0.12,3.0,0.0,11.27,25.59,1.16,8.0,15.0,1.16,8.75,14.5,1.15,8.5,15.0,1.16,8.87,17.91,1.15,8.0,15.0,1.13,8.5,15.0,1.18,8.5,16.0
E0,2022-02-24,Arsenal,Wolverhampton Wanderers,79,78,82,78,79,82,79,78,41,38,23,24,613.05,376.95,2,1,H,0,1,A,26,6,5,2,8,9,5,4,1,1,0,0,2.51,1.11,2.21,0.8,2.28,0.54,9.27,12.86,1.65,3.8,5.5,1.62,3.75,5.75,1.65,3.75,5.75,1.65,3.9,6.08,1.63,3.6,5.8,1.62,3.6,6.0,1.68,3.76,6.16
E0,2022-02-25,Southampton,Norwich,76,74,75,71,77,74,75,74,33,45,25,24,274.3,163.2,2,0,H,1,0,H,27,8,9,1,12,9,13,6,1,2,0,0,3.09,0.42,1.81,0.28,2.86,0.08,9.38,15.71,1.53,4.33,6.0,1.52,4.4,5.75,1.63,4.1,5.5,1.56,4.35,6.55,1.52,4.2,6.0,1.53,4.33,6.5,1.51,4.45,6.93
E0,2022-02-26,Leeds,Tottenham,76,81,78,83,77,79,76,79,35,45,23,23,299.45,689.35,0,4,A,0,3,A,19,15,3,11,16,11,3,6,4,2,0,0,1.9,2.47,1.05,2.15,1.01,1.77,7.95,17.92,4.2,3.6,1.85,4.0,3.8,1.83,3.95,3.95,1.83,4.14,4.03,1.87,3.8,3.75,1.88,4.0,3.9,1.87,3.79,3.87,2.0
E0,2022-02-26,Brentford,Newcastle United,74,77,75,77,75,76,74,77,38,34,24,27,273.3,313.9,0,2,A,0,2,A,6,26,1,11,9,7,6,6,3,1,1,0,0.49,2.25,0.46,1.84,0.3,2.55,11.62,5.63,2.5,3.2,3.0,2.45,3.2,2.9,2.5,3.1,3.0,2.55,3.2,3.15,2.5,3.1,3.0,2.45,3.0,3.0,2.32,3.17,3.6
E0,2022-02-26,Crystal Palace,Burnley,76,76,77,77,76,75,75,77,33,35,25,27,271.05,138.05,1,1,D,1,0,H,11,5,4,1,5,17,5,4,0,2,0,0,1.04,0.26,0.94,0.2,2.14,0.55,21.63,8.33,1.9,3.6,4.0,1.9,3.4,4.2,1.95,3.4,4.1,2.0,3.44,4.29,1.95,3.3,4.2,1.91,3.25,4.2,1.92,3.34,4.9
E0,2022-02-26,Manchester United,Watford,83,75,82,75,83,75,81,74,43,47,25,25,769.15,156.2,0,0,D,0,0,D,22,10,3,2,2,7,4,3,0,0,0,0,2.41,0.44,2.29,0.37,2.68,0.21,9.11,15.38,1.3,5.5,9.5,1.34,5.5,8.25,1.33,5.5,8.75,1.36,5.67,8.94,1.32,5.0,9.5,1.3,5.0,10.0,1.39,4.98,9.14
E0,2022-02-26,Brighton,Aston Villa,76,78,77,79,75,76,77,79,43,44,24,24,318.0,487.75,0,2,A,0,1,A,12,9,1,4,17,11,7,2,4,5,0,0,0.63,1.3,0.51,0.47,0.7,2.01,6.28,16.7,2.2,3.3,3.5,2.2,3.3,3.3,2.3,3.25,3.3,2.24,3.42,3.52,2.25,3.1,3.4,2.2,3.2,3.3,2.26,3.29,3.64
E0,2022-02-26,Everton,Manchester City,79,85,81,84,78,87,78,85,42,39,25,24,479.05,1000.0,0,1,A,0,0,D,6,13,2,8,7,14,3,4,3,2,0,0,0.77,1.93,0.72,0.9,0.45,2.35,16.14,6.0,10.0,5.75,1.28,9.5,5.5,1.31,11.0,6.0,1.27,10.59,6.17,1.29,11.0,5.8,1.25,12.0,6.0,1.22,12.5,6.75,1.25
E0,2022-02-27,West Ham,Wolverhampton Wanderers,79,78,80,78,79,82,77,78,36,38,26,24,354.9,376.95,1,0,H,0,0,D,13,14,4,1,8,2,3,5,1,0,0,0,1.62,0.89,1.52,0.78,1.99,0.75,13.19,31.0,2.05,3.3,3.8,2.05,3.2,3.8,2.1,3.25,3.7,2.15,3.23,4.03,2.05,3.1,4.0,2.05,3.13,3.8,1.94,3.41,4.64
E0,2022-03-01,Burnley,Leicester,76,80,77,80,75,81,77,78,35,40,27,25,138.05,526.549999,0,2,A,0,0,D,9,22,2,6,10,13,6,8,1,1,0,0,1.04,1.8,0.37,0.95,0.81,1.94,8.0,7.95,2.9,3.4,2.4,2.8,3.4,2.45,2.9,3.25,2.5,2.98,3.39,2.55,2.88,3.2,2.5,2.9,3.4,2.5,2.95,3.31,2.63
E0,2022-03-05,Leicester,Leeds,80,76,80,78,81,77,78,76,40,35,25,23,526.549999,299.45,1,0,H,0,0,D,7,19,4,4,9,12,5,10,1,2,0,0,0.36,2.14,0.34,1.62,0.24,2.63,11.62,11.21,1.75,4.0,4.2,1.82,3.9,4.0,1.8,4.1,4.0,1.82,4.23,4.21,1.78,3.9,4.2,1.75,4.1,4.4,2.14,3.69,3.51
E0,2022-03-05,Aston Villa,Southampton,78,76,79,75,76,77,79,75,44,33,24,25,487.75,274.3,4,0,H,2,0,H,14,11,9,1,10,8,4,7,1,1,0,0,2.85,1.33,2.79,1.27,2.35,0.49,16.89,8.23,2.3,3.5,3.0,2.3,3.5,2.95,2.35,3.4,3.0,2.42,3.49,3.1,2.3,3.4,3.0,2.3,3.3,3.0,2.27,3.62,3.32
E0,2022-03-05,Burnley,Chelsea,76,84,77,82,75,85,77,83,35,44,27,25,138.05,914.5,0,4,A,0,0,D,6,11,1,5,12,7,5,2,2,0,0,0,0.85,2.29,0.23,1.64,0.3,2.53,16.13,10.0,6.5,4.33,1.5,7.5,4.1,1.47,7.0,4.2,1.5,7.69,4.19,1.52,7.5,4.0,1.47,7.5,4.0,1.45,7.4,4.06,1.55
E0,2022-03-05,Newcastle United,Brighton,77,76,77,77,76,75,77,77,34,43,27,24,313.9,318.0,2,1,H,2,0,H,10,15,4,4,8,10,4,7,1,1,0,0,1.58,1.65,1.14,1.56,1.3,1.4,17.59,7.39,2.75,3.2,2.62,2.65,3.25,2.65,2.75,3.1,2.75,2.82,3.23,2.8,2.62,3.2,2.7,2.7,3.0,2.7,2.8,3.17,2.86
E0,2022-03-05,Norwich,Brentford,74,74,72,75,74,75,74,74,45,38,24,24,163.2,273.3,1,3,A,0,1,A,15,10,7,6,13,18,5,5,2,5,0,0,0.77,2.22,0.51,0.55,0.34,2.5,7.42,9.48,2.9,3.1,2.5,2.9,3.1,2.55,2.9,3.1,2.6,3.04,3.19,2.64,2.88,3.1,2.55,2.88,3.0,2.55,3.22,3.25,2.48
E0,2022-03-05,Wolverhampton Wanderers,Crystal Palace,78,76,78,77,82,76,78,75,38,33,24,25,376.95,271.05,0,2,A,0,2,A,12,12,5,8,13,8,7,7,0,3,0,0,0.71,2.54,0.63,0.81,0.18,2.72,4.82,14.8,2.3,3.1,3.4,2.3,3.1,3.3,2.35,3.05,3.4,2.43,3.08,3.5,2.3,3.1,3.3,2.3,3.0,3.3,2.4,3.09,3.55
E0,2022-03-05,Liverpool,West Ham,85,79,87,80,83,79,85,77,49,36,24,26,918.9,354.9,1,0,H,1,0,H,22,13,5,5,7,7,4,6,2,1,0,0,2.19,1.34,1.79,0.95,1.98,0.8,10.56,34.0,1.28,5.75,9.5,1.29,5.75,9.5,1.3,6.0,9.5,1.3,5.99,10.58,1.29,5.5,9.5,1.25,5.75,10.5,1.27,6.5,11.5
E0,2022-03-06,Watford,Arsenal,75,79,75,82,75,79,74,79,47,41,25,23,156.2,613.05,2,3,A,1,2,A,13,16,7,4,5,11,1,5,1,2,0,0,1.3,1.0,1.18,0.94,1.59,1.13,15.33,7.19,6.0,4.0,1.57,6.0,3.9,1.58,6.0,4.0,1.6,6.29,4.03,1.62,6.0,3.9,1.57,6.0,3.8,1.55,6.84,4.31,1.55
E0,2022-03-06,Manchester City,Manchester United,85,83,84,82,87,83,85,81,39,43,24,25,1000.0,769.15,4,1,H,2,1,H,24,5,10,2,10,14,9,3,0,1,0,0,2.74,0.36,2.0,0.14,2.82,0.11,6.43,22.81,1.4,4.75,7.5,1.37,4.8,8.5,1.43,4.8,7.0,1.43,4.9,8.34,1.38,4.75,8.0,1.36,4.75,8.0,1.43,5.06,7.66
E0,2022-03-07,Tottenham,Everton,81,79,83,81,79,78,79,78,45,42,23,25,689.35,479.05,5,0,H,3,0,H,14,6,7,0,15,10,5,2,2,0,0,0,3.24,0.21,3.03,0.16,2.93,0.04,9.93,21.43,1.57,3.8,5.75,1.61,3.9,5.5,1.63,4.1,5.5,1.61,4.27,5.97,1.6,4.0,5.5,1.57,3.9,5.75,1.77,3.83,5.05
E0,2022-03-10,Norwich,Chelsea,74,84,76,82,73,85,73,83,45,44,24,25,163.2,914.5,1,3,A,0,2,A,9,15,3,7,8,15,3,8,0,2,0,0,0.97,2.13,0.15,1.83,0.54,2.23,27.93,10.5,11.0,4.75,1.3,12.0,5.5,1.27,11.0,5.5,1.3,14.15,5.78,1.28,11.0,5.25,1.29,12.0,5.25,1.25,10.58,4.98,1.36
E0,2022-03-10,Southampton,Newcastle United,76,77,75,77,76,76,75,76,33,34,25,27,274.3,313.9,1,2,A,1,1,D,14,8,5,4,6,7,12,5,1,1,0,0,1.8,0.81,1.0,0.72,2.19,0.59,8.11,14.64,2.0,3.75,3.5,1.98,3.7,3.5,1.97,3.65,3.65,1.99,3.78,3.89,2.0,3.6,3.6,1.95,3.5,3.7,1.92,3.64,4.41
E0,2022-03-10,Wolverhampton Wanderers,Watford,78,75,78,75,82,75,78,74,38,47,24,25,376.95,156.2,4,0,H,2,0,H,10,9,5,0,11,10,5,2,2,2,0,0,1.55,0.5,1.34,0.34,2.26,0.51,9.0,31.2,1.75,3.6,4.5,1.8,3.4,4.75,1.8,3.5,4.7,1.84,3.56,5.02,1.83,3.4,4.6,1.8,3.3,4.8,1.97,3.44,4.44
E0,2022-03-10,Leeds,Aston Villa,76,78,78,80,77,77,75,79,35,44,23,24,299.45,487.75,0,3,A,0,1,A,4,15,1,9,17,11,3,5,5,3,0,0,0.19,1.27,0.16,1.09,0.43,2.29,6.54,11.85,2.7,3.5,2.5,2.7,3.6,2.45,2.7,3.55,2.55,2.75,3.64,2.61,2.75,3.5,2.45,2.63,3.5,2.5,2.86,3.63,2.51
E0,2022-03-12,Brighton,Liverpool,76,85,77,87,75,83,77,85,43,49,24,24,318.0,918.9,0,2,A,0,1,A,8,18,3,9,12,15,7,6,3,1,0,0,0.63,2.48,0.63,1.23,0.27,2.6,11.53,9.92,6.0,4.33,1.5,5.75,4.5,1.51,5.75,4.5,1.53,6.65,4.44,1.54,6.0,4.2,1.52,6.5,4.5,1.5,6.88,4.63,1.51
E0,2022-03-12,Brentford,Burnley,74,76,75,77,75,75,74,77,38,35,24,27,273.3,138.05,2,0,H,0,0,D,13,7,4,1,6,10,2,9,1,1,0,1,1.82,0.83,0.96,0.36,2.2,0.57,12.23,16.87,2.15,3.2,3.6,2.25,2.95,3.7,2.15,3.25,3.55,2.25,3.2,3.78,2.15,3.2,3.5,2.15,3.1,3.6,2.14,3.37,3.88
E0,2022-03-12,Manchester United,Tottenham,83,81,85,83,83,80,81,79,43,45,25,23,769.15,689.35,3,2,H,2,1,H,10,10,6,3,8,7,4,5,2,1,0,0,1.02,1.62,0.98,0.78,0.83,1.89,27.0,11.38,2.2,3.4,3.25,2.1,3.6,3.2,2.2,3.5,3.2,2.22,3.66,3.35,2.15,3.4,3.3,2.1,3.5,3.2,2.39,3.54,3.12
E0,2022-03-13,Chelsea,Newcastle United,84,77,82,77,85,76,83,76,44,34,25,27,914.5,313.9,1,0,H,0,0,D,8,7,3,2,17,16,7,2,4,3,0,0,1.07,0.25,1.0,0.13,2.2,0.51,4.0,14.67,1.3,5.25,11.0,1.3,5.25,10.5,1.33,5.25,9.0,1.34,5.17,10.18,1.32,5.0,10.0,1.3,5.0,10.0,1.41,4.94,8.76
E0,2022-03-13,Everton,Wolverhampton Wanderers,78,78,81,78,77,82,77,78,42,38,25,24,479.05,376.95,0,1,A,0,0,D,8,14,2,3,13,11,5,2,2,1,1,0,0.4,0.71,0.31,0.63,0.98,1.6,17.43,9.13,2.3,3.2,3.3,2.3,3.2,3.25,2.3,3.25,3.25,2.37,3.2,3.48,2.25,3.2,3.3,2.25,3.1,3.3,2.33,3.1,3.69
E0,2022-03-13,Leeds,Norwich,76,74,78,76,77,73,75,73,35,45,23,24,299.45,163.2,2,1,H,1,0,H,13,12,7,4,18,8,6,2,3,1,0,0,3.12,1.4,2.78,1.09,2.53,0.34,5.56,11.78,1.55,4.2,5.75,1.55,4.33,5.5,1.6,4.3,5.25,1.65,4.12,5.7,1.57,4.2,5.5,1.55,4.1,5.5,1.62,4.38,5.62
E0,2022-03-13,Southampton,Watford,76,75,75,75,76,75,75,74,33,47,25,25,274.3,156.2,1,2,A,1,2,A,13,9,7,5,8,12,11,3,3,2,0,0,1.26,1.29,1.11,0.93,1.34,1.36,6.56,13.82,1.6,4.2,5.25,1.57,4.1,5.75,1.63,4.1,5.25,1.61,4.33,5.82,1.6,3.9,5.5,1.57,3.9,5.75,1.68,4.05,5.48
E0,2022-03-13,West Ham,Aston Villa,79,78,80,80,79,77,77,79,36,44,26,24,354.9,487.75,2,1,H,0,0,D,11,13,4,7,9,3,5,7,1,0,0,0,1.58,1.05,0.92,0.9,1.82,0.9,16.25,14.65,2.25,3.3,3.3,2.3,3.25,3.1,2.3,3.35,3.2,2.41,3.3,3.28,2.3,3.2,3.2,2.25,3.3,3.1,2.58,3.31,3.01
E0,2022-03-13,Arsenal,Leicester,79,80,82,80,79,81,79,78,41,40,23,25,613.05,526.549999,2,0,H,1,0,H,21,6,8,3,8,10,2,6,0,3,0,0,2.94,0.55,1.37,0.51,2.79,0.13,22.63,16.47,1.5,4.5,6.0,1.49,4.6,6.0,1.53,4.5,5.75,1.54,4.62,6.22,1.5,4.33,6.0,1.5,4.2,6.0,1.45,4.78,7.92
E0,2022-03-14,Crystal Palace,Manchester City,76,85,77,84,76,87,75,85,33,39,25,24,271.05,1000.0,0,0,D,0,0,D,7,18,1,4,6,11,2,6,3,1,0,0,0.47,2.04,0.39,1.43,0.3,2.55,32.36,4.29,10.0,5.0,1.33,9.5,5.5,1.31,9.5,5.5,1.33,9.58,5.7,1.34,10.0,5.25,1.3,10.5,5.0,1.29,9.88,5.58,1.34
E0,2022-03-16,Brighton,Tottenham,76,81,77,83,75,80,77,79,43,45,24,23,318.0,689.35,0,2,A,0,1,A,15,17,0,7,11,9,6,3,2,2,0,0,1.04,2.05,0.89,1.35,0.7,2.08,10.61,17.0,3.3,3.3,2.25,3.25,3.3,2.25,3.25,3.3,2.3,3.38,3.37,2.33,3.2,3.25,2.3,3.2,3.2,2.25,3.79,3.49,2.12
E0,2022-03-16,Arsenal,Liverpool,79,85,82,87,79,83,79,85,41,49,23,24,613.05,918.9,0,2,A,0,0,D,9,9,2,3,9,9,1,6,0,1,0,0,0.53,1.28,0.47,1.23,0.58,2.12,16.25,11.68,3.5,4.0,1.9,3.4,4.0,1.93,3.75,3.85,1.9,3.78,4.12,1.93,3.75,3.8,1.88,3.9,3.6,1.87,3.75,3.6,2.09
E0,2022-03-17,Everton,Newcastle United,78,77,81,77,77,76,77,76,42,34,25,27,479.05,313.9,1,0,H,0,0,D,9,17,3,6,13,11,5,7,2,1,1,0,0.71,0.76,0.54,0.56,1.29,1.33,10.64,7.18,2.4,3.25,3.1,2.3,3.4,3.1,2.4,3.3,3.0,2.4,3.38,3.22,2.3,3.4,3.0,2.3,3.25,3.1,2.41,3.31,3.28
E0,2022-03-18,Wolverhampton Wanderers,Leeds,78,76,78,78,82,77,78,75,38,35,24,23,376.95,299.45,2,3,A,2,0,H,14,15,8,6,13,14,2,5,1,4,1,0,1.24,2.82,1.22,2.02,0.43,2.41,13.6,8.37,2.1,3.5,3.4,2.1,3.5,3.4,2.15,3.4,3.5,2.17,3.53,3.6,2.1,3.4,3.4,2.1,3.4,3.7,2.29,3.38,3.47
E0,2022-03-19,Aston Villa,Arsenal,78,79,80,82,77,79,79,79,44,41,24,23,487.75,613.05,0,1,A,0,1,A,8,10,1,3,13,14,6,5,3,3,0,0,0.31,1.15,0.14,1.02,0.52,2.2,21.57,13.67,3.0,3.3,2.4,2.9,3.5,2.35,2.95,3.45,2.35,3.06,3.48,2.45,2.9,3.5,2.35,2.9,3.3,2.38,2.96,3.42,2.55
E0,2022-03-20,Leicester,Brentford,80,74,80,75,81,75,78,74,40,38,25,24,526.549999,273.3,2,1,H,2,0,H,12,15,4,6,10,10,2,5,1,2,0,0,1.28,1.72,1.06,1.54,1.01,1.73,11.04,15.2,2.15,3.4,3.4,2.15,3.4,3.4,2.2,3.45,3.3,2.25,3.49,3.43,2.15,3.3,3.4,2.1,3.4,3.3,2.13,3.55,3.68
E0,2022-03-20,Tottenham,West Ham,81,79,83,80,80,79,79,77,45,36,23,26,689.35,354.9,3,1,H,2,1,H,17,6,4,1,7,7,5,3,0,1,0,0,2.55,0.64,2.4,0.58,2.62,0.26,19.71,24.73,1.72,3.8,4.75,1.75,4.0,4.2,1.75,3.95,4.4,1.78,3.89,4.92,1.7,3.8,4.75,1.7,3.8,4.6,1.73,3.86,5.32
E0,2022-04-02,Liverpool,Watford,85,75,86,75,84,75,85,74,49,47,24,25,918.9,156.2,2,0,H,1,0,H,20,5,3,2,9,8,9,3,1,1,0,0,2.24,0.75,1.35,0.75,2.47,0.36,4.77,28.14,1.12,9.5,17.0,1.12,9.5,23.0,1.12,8.5,22.0,1.13,9.86,23.62,1.12,8.0,23.0,1.12,9.5,26.0,1.17,8.5,18.0
E0,2022-04-02,Brighton,Norwich,76,74,77,75,75,73,76,73,43,45,24,24,318.0,163.2,0,0,D,0,0,D,31,6,4,0,12,11,11,2,1,1,0,0,2.38,0.49,1.24,0.4,2.66,0.22,6.21,16.9,1.5,4.0,7.0,1.49,4.0,7.25,1.5,4.2,7.0,1.53,4.08,7.94,1.47,4.0,7.5,1.45,4.0,7.5,1.52,4.33,7.16
E0,2022-04-02,Burnley,Manchester City,76,85,77,84,75,87,76,85,35,39,27,24,138.05,1000.0,0,2,A,0,2,A,3,18,1,6,11,6,1,8,1,0,0,0,0.06,1.62,0.06,1.19,0.19,2.65,30.33,12.0,15.0,6.5,1.2,13.0,6.25,1.23,14.0,6.5,1.22,15.0,6.63,1.23,15.0,5.8,1.22,15.0,6.0,1.2,16.5,7.3,1.2
E0,2022-04-02,Chelsea,Brentford,84,74,83,76,86,75,83,74,44,38,25,24,914.5,273.3,1,4,A,0,0,D,21,17,8,6,11,7,12,7,0,0,0,0,1.29,2.43,1.14,1.81,0.67,2.14,7.53,20.2,1.33,5.0,10.0,1.34,5.0,9.75,1.35,4.9,10.0,1.35,5.18,10.7,1.33,4.75,10.0,1.33,4.6,10.0,1.4,4.77,9.59
E0,2022-04-02,Leeds,Southampton,76,76,78,75,77,76,75,75,35,33,23,25,299.45,274.3,1,1,D,1,0,H,12,14,3,6,14,7,4,7,1,1,0,0,1.51,2.06,0.81,1.21,0.91,1.83,6.48,19.85,2.37,3.75,2.75,2.4,3.6,2.7,2.4,3.65,2.8,2.39,3.69,3.01,2.45,3.4,2.8,2.38,3.5,2.75,2.5,3.63,2.86
E0,2022-04-02,Wolverhampton Wanderers,Aston Villa,78,78,79,79,80,77,78,79,38,44,24,24,376.95,487.75,2,1,H,2,0,H,11,15,5,5,15,8,4,9,4,3,0,0,1.62,1.91,0.7,1.0,1.13,1.59,12.18,12.09,3.0,3.1,2.55,2.9,3.0,2.6,3.0,3.05,2.55,3.11,3.13,2.63,3.0,3.0,2.55,3.0,3.0,2.5,3.16,3.09,2.62
E0,2022-04-02,Manchester United,Leicester,83,80,85,80,83,81,81,78,43,40,25,25,769.15,526.549999,1,1,D,0,0,D,11,11,5,3,13,6,6,5,2,2,0,0,0.9,1.08,0.47,0.75,1.18,1.49,14.89,12.19,1.5,4.5,6.0,1.51,4.6,5.75,1.53,4.6,5.75,1.52,4.71,6.41,1.5,4.33,6.5,1.5,4.4,6.0,1.56,4.76,5.69
E0,2022-04-03,West Ham,Everton,79,78,80,81,79,77,76,77,36,42,26,25,354.9,479.05,2,1,H,1,0,H,11,13,5,2,9,12,2,4,1,1,0,1,1.5,0.66,1.04,0.53,2.12,0.63,29.57,24.85,1.75,3.8,4.5,1.78,3.7,4.4,1.8,3.75,4.5,1.81,3.84,4.77,1.78,3.6,4.5,1.75,3.6,4.6,1.79,3.84,4.87
E0,2022-04-03,Tottenham,Newcastle United,81,77,83,77,80,77,79,77,45,34,23,27,689.35,313.9,5,1,H,1,1,D,19,8,6,1,10,7,2,3,2,3,0,0,3.61,0.54,2.89,0.25,2.89,0.07,13.44,27.13,1.5,4.33,6.5,1.51,4.33,6.25,1.5,4.4,6.25,1.53,4.42,6.87,1.5,4.2,6.5,1.5,4.2,6.5,1.56,4.33,6.45
E0,2022-04-04,Crystal Palace,Arsenal,76,80,76,82,76,80,75,79,33,41,25,23,271.05,613.05,3,0,H,2,0,H,6,12,5,3,11,15,0,2,0,2,0,0,1.4,1.05,0.55,0.74,1.68,1.02,22.38,5.56,4.0,3.4,1.95,4.1,3.3,1.93,3.95,3.4,1.97,4.15,3.51,2.01,4.0,3.3,2.0,4.0,3.25,1.95,4.15,3.35,2.07
E0,2022-04-06,Burnley,Everton,76,78,77,81,75,77,76,77,35,42,27,25,138.05,479.05,3,2,H,1,2,A,13,16,4,4,11,16,9,6,2,2,0,0,2.24,2.32,2.03,0.61,1.31,1.41,3.82,5.73,2.62,3.1,2.87,2.5,3.25,2.85,2.55,3.15,2.95,2.54,3.23,3.13,2.5,3.1,3.0,2.5,3.1,2.88,2.59,3.09,3.2
E0,2022-04-08,Newcastle United,Wolverhampton Wanderers,77,78,77,79,77,80,77,78,34,38,27,24,313.9,376.95,1,0,H,0,0,D,12,5,4,2,6,13,1,2,1,1,0,0,1.44,0.31,0.41,0.14,2.46,0.34,28.33,10.32,2.25,3.1,3.4,2.25,3.0,3.4,2.3,3.1,3.45,2.34,3.14,3.62,2.3,3.0,3.4,2.3,3.13,3.5,2.0,3.41,4.47
E0,2022-04-09,Everton,Manchester United,78,83,81,85,77,83,77,81,42,43,25,25,479.05,769.15,1,0,H,1,0,H,7,12,3,4,4,10,5,7,2,2,0,0,0.36,0.76,0.29,0.66,0.87,1.73,18.69,6.0,4.6,3.75,1.75,4.1,3.9,1.8,4.4,3.8,1.8,4.52,3.89,1.83,4.5,3.6,1.78,4.6,3.75,1.8,4.09,3.88,1.92
E0,2022-04-09,Arsenal,Brighton,80,76,82,77,80,75,79,76,41,43,23,24,613.05,318.0,1,2,A,0,1,A,20,8,4,3,12,19,11,2,3,4,0,0,2.35,0.6,1.5,0.5,2.6,0.26,6.5,9.57,1.61,3.8,5.75,1.6,4.0,5.5,1.6,3.9,6.0,1.67,3.95,5.85,1.63,3.75,5.5,1.62,3.7,5.5,1.64,3.88,6.43
E0,2022-04-09,Southampton,Chelsea,76,84,75,83,76,86,75,83,33,44,25,25,274.3,914.5,0,6,A,0,4,A,4,24,1,14,11,10,3,3,1,0,0,0,0.56,4.4,0.56,2.1,0.02,2.97,24.47,6.21,3.8,3.6,1.95,3.9,3.8,1.83,3.95,3.6,1.9,4.08,3.76,1.95,4.0,3.6,1.88,4.0,3.4,1.9,3.93,3.56,2.05
E0,2022-04-09,Watford,Leeds,75,76,75,78,75,77,74,75,47,35,25,23,156.2,299.45,0,3,A,0,1,A,8,10,1,5,8,12,3,8,2,0,0,0,1.07,0.9,0.97,0.37,1.54,1.11,6.86,4.5,2.7,3.4,2.55,2.65,3.5,2.5,2.65,3.5,2.6,2.75,3.6,2.63,2.62,3.5,2.55,2.63,3.4,2.55,2.91,3.45,2.57
E0,2022-04-09,Aston Villa,Tottenham,78,81,79,83,77,80,79,79,44,45,24,23,487.75,689.35,0,4,A,0,1,A,9,11,8,5,12,14,9,3,2,3,0,0,1.49,0.98,1.17,0.82,1.75,0.97,10.97,15.14,3.2,3.4,2.25,3.1,3.5,2.2,3.1,3.5,2.3,3.23,3.6,2.3,3.1,3.4,2.25,3.1,3.4,2.2,3.47,3.59,2.2
E0,2022-04-10,Brentford,West Ham,74,79,76,80,75,79,74,76,38,36,24,26,273.3,354.9,2,0,H,0,0,D,15,5,7,1,2,6,4,6,0,1,0,0,1.86,0.24,1.8,0.21,2.65,0.22,32.45,20.5,2.62,3.3,2.62,2.7,3.1,2.7,2.7,3.3,2.65,2.72,3.34,2.82,2.7,3.25,2.62,2.6,3.2,2.7,2.77,3.35,2.76
E0,2022-04-10,Leicester,Crystal Palace,80,76,80,76,81,76,78,75,40,33,25,25,526.549999,271.05,2,1,H,2,0,H,12,11,3,3,11,12,3,4,1,1,0,0,0.88,1.53,0.58,0.68,0.78,1.94,10.76,16.15,2.37,3.3,2.9,2.4,3.4,2.85,2.4,3.4,2.95,2.46,3.48,3.04,2.38,3.4,2.9,2.3,3.25,3.0,2.53,3.29,3.1
E0,2022-04-10,Norwich,Burnley,74,76,75,77,73,75,73,76,45,35,24,27,163.2,138.05,2,0,H,1,0,H,17,18,6,4,12,10,6,7,1,1,0,0,1.67,1.45,1.65,1.12,1.53,1.19,13.58,6.58,2.87,3.2,2.55,2.9,3.25,2.45,2.9,3.15,2.55,3.1,3.18,2.6,2.88,3.1,2.55,2.88,3.0,2.55,3.23,3.42,2.38
E0,2022-04-10,Manchester City,Liverpool,85,85,84,86,87,84,85,85,39,49,24,24,1000.0,918.9,2,2,D,2,1,H,11,6,5,4,9,11,4,1,1,4,0,0,1.35,1.3,1.21,1.28,1.36,1.35,16.63,18.85,2.0,3.75,3.5,2.0,3.75,3.4,2.05,3.5,3.55,2.1,3.75,3.56,2.0,3.6,3.5,2.0,3.5,3.5,1.98,3.82,3.9
E0,2022-04-16,Tottenham,Brighton,81,76,83,77,80,75,79,76,45,43,23,24,689.35,318.0,0,1,A,0,0,D,5,12,0,5,14,10,4,4,3,3,0,0,0.59,0.71,0.49,0.28,1.18,1.41,9.89,10.6,1.53,4.0,6.5,1.52,4.33,6.0,1.53,4.3,6.25,1.56,4.35,6.52,1.52,4.0,6.5,1.5,4.0,6.5,1.51,4.56,6.92
E0,2022-04-16,Manchester United,Norwich,83,74,85,75,83,73,81,73,43,45,25,24,769.15,163.2,3,2,H,2,1,H,20,15,9,4,7,6,6,7,0,0,0,0,1.67,1.8,1.47,1.71,1.29,1.46,10.59,14.15,1.25,6.5,10.0,1.22,6.5,13.0,1.25,6.5,11.0,1.23,6.6,14.96,1.24,5.8,12.0,1.2,6.0,13.0,1.29,6.35,9.95
E0,2022-04-16,Southampton,Arsenal,76,80,75,82,76,80,75,79,33,41,25,23,274.3,613.05,1,0,H,1,0,H,9,23,3,6,6,6,6,8,2,1,0,0,1.04,1.35,0.92,0.65,1.14,1.55,25.17,7.64,3.8,3.6,1.95,3.9,3.7,1.88,3.85,3.6,1.95,3.97,3.79,1.97,3.8,3.6,1.91,3.9,3.5,1.91,4.08,3.79,1.94
E0,2022-04-16,Watford,Brentford,74,74,75,74,75,75,73,74,47,38,25,24,156.2,273.3,1,2,A,0,1,A,17,16,4,5,11,9,6,5,2,1,0,0,1.5,2.12,0.91,2.05,0.87,1.87,7.26,9.68,2.7,3.3,2.55,2.8,3.2,2.55,2.8,3.25,2.6,2.95,3.33,2.62,2.8,3.2,2.55,2.8,3.13,2.55,2.94,3.39,2.58
E0,2022-04-17,Newcastle United,Leicester,77,80,77,80,77,80,77,78,34,40,27,25,313.9,526.549999,2,1,H,1,1,D,16,8,7,2,10,10,3,5,2,2,0,0,2.54,0.54,0.98,0.54,2.77,0.15,12.61,3.34,2.2,3.4,3.3,2.2,3.3,3.3,2.25,3.35,3.25,2.25,3.46,3.46,2.2,3.3,3.3,2.2,3.3,3.2,2.06,3.56,3.9
E0,2022-04-17,West Ham,Burnley,79,76,80,77,79,75,76,76,36,35,26,27,354.9,138.05,1,1,D,0,1,A,21,9,8,1,9,10,13,4,2,2,0,0,2.79,1.88,1.76,0.4,2.07,0.7,14.78,16.18,1.7,3.8,5.0,1.71,3.7,5.0,1.7,3.8,4.9,1.73,3.99,5.11,1.73,3.7,4.8,1.67,3.7,5.0,1.81,3.8,4.84
E0,2022-04-19,Liverpool,Manchester United,85,83,86,85,84,83,85,81,49,43,24,25,918.9,769.15,4,0,H,2,0,H,14,2,5,1,3,6,10,2,1,2,0,0,2.26,0.11,2.25,0.11,2.82,0.1,11.94,30.05,1.4,5.0,7.0,1.39,5.0,7.0,1.45,5.0,6.25,1.41,5.36,7.82,1.38,5.0,7.5,1.4,5.25,7.0,1.34,5.78,9.17
E0,2022-04-20,Chelsea,Arsenal,84,80,83,82,86,80,83,79,44,41,25,23,914.5,613.05,2,4,A,2,2,D,11,14,2,4,7,6,6,1,3,1,0,0,0.59,1.87,0.48,0.56,0.43,2.39,8.47,16.48,1.83,3.6,4.33,1.83,3.6,4.2,1.9,3.55,4.2,1.88,3.77,4.42,1.83,3.5,4.4,1.8,3.4,4.5,1.96,3.52,4.36
E0,2022-04-20,Everton,Leicester,78,80,78,80,78,80,77,78,42,40,25,25,479.05,526.549999,1,1,D,0,1,A,13,11,3,3,8,17,5,4,3,1,0,0,1.69,0.79,1.64,0.55,2.12,0.64,15.74,7.35,2.25,3.4,3.25,2.3,3.25,3.2,2.3,3.4,3.05,2.32,3.52,3.26,2.3,3.4,3.0,2.25,3.3,3.1,2.67,3.31,2.9
E0,2022-04-20,Newcastle United,Crystal Palace,77,76,77,76,77,76,77,75,34,33,27,25,313.9,271.05,1,0,H,1,0,H,13,10,4,2,12,12,2,5,1,1,0,0,0.77,0.43,0.62,0.37,1.63,0.97,14.15,5.39,2.25,3.4,3.25,2.3,3.2,3.1,2.35,3.25,3.15,2.4,3.24,3.36,2.3,3.2,3.2,2.25,3.13,3.25,2.32,3.24,3.54
E0,2022-04-20,Manchester City,Brighton,85,76,84,77,87,75,85,76,39,43,24,24,1000.0,318.0,3,0,H,0,0,D,17,2,5,1,12,7,7,4,0,3,0,0,1.53,0.12,0.89,0.06,2.53,0.27,8.36,19.83,1.16,7.0,17.0,1.18,7.0,17.0,1.2,6.75,15.0,1.2,7.09,18.98,1.2,6.0,17.0,1.17,6.5,17.0,1.23,6.5,16.0
E0,2022-04-21,Burnley,Southampton,76,76,77,75,75,77,76,76,35,33,27,25,138.05,274.3,2,0,H,2,0,H,16,11,6,3,7,7,10,10,2,2,0,0,2.15,1.32,1.95,1.2,1.98,0.79,15.6,9.88,2.75,3.25,2.62,2.7,3.3,2.6,2.75,3.35,2.6,2.75,3.48,2.69,2.7,3.4,2.55,2.7,3.25,2.55,2.7,3.35,2.8
E0,2022-04-23,Arsenal,Manchester United,80,83,82,85,80,83,77,81,41,43,23,25,613.05,769.15,3,1,H,2,1,H,14,14,7,5,9,12,1,7,3,4,0,0,2.54,2.04,0.8,1.19,1.78,0.97,15.27,17.63,2.05,3.5,3.5,2.05,3.6,3.4,2.1,3.5,3.4,2.13,3.64,3.58,2.05,3.5,3.5,2.1,3.6,3.5,2.06,3.68,3.75
E0,2022-04-23,Leicester,Aston Villa,80,78,80,79,81,78,79,79,40,44,25,24,526.549999,487.75,0,0,D,0,0,D,5,11,2,3,15,16,7,6,3,2,0,0,0.24,0.59,0.1,0.54,0.86,1.65,4.56,25.54,2.8,3.4,2.5,2.7,3.3,2.55,2.8,3.4,2.5,2.95,3.43,2.55,2.75,3.25,2.55,2.75,3.4,2.45,3.05,3.39,2.5
E0,2022-04-23,Manchester City,Watford,85,74,84,75,87,75,86,73,39,47,24,25,1000.0,156.2,5,1,H,3,1,H,21,5,8,2,9,7,11,4,1,0,0,0,3.68,0.43,2.7,0.43,2.93,0.04,4.0,25.13,1.1,10.0,26.0,1.12,9.75,23.0,1.12,9.5,22.0,1.13,9.68,27.79,1.11,8.5,23.0,1.08,9.5,26.0,1.13,9.5,26.0
E0,2022-04-23,Norwich,Newcastle United,73,77,75,77,73,77,73,77,45,34,24,27,163.2,313.9,0,3,A,0,2,A,5,13,2,7,11,10,2,3,0,2,0,0,0.66,1.88,0.6,1.41,0.45,2.35,11.26,10.14,3.5,3.3,2.15,3.5,3.3,2.1,3.55,3.3,2.15,3.62,3.39,2.22,3.7,3.1,2.15,3.4,3.3,2.1,3.54,3.38,2.25
E0,2022-04-23,Brentford,Tottenham,74,81,74,83,75,80,74,79,38,45,24,23,273.3,689.35,0,0,D,0,0,D,15,9,2,0,8,7,12,8,2,1,0,0,1.32,0.52,0.85,0.42,2.04,0.68,14.88,14.36,4.33,3.5,1.85,4.2,3.5,1.87,4.2,3.7,1.83,4.39,3.78,1.88,4.2,3.5,1.85,4.2,3.5,1.83,4.93,3.99,1.75
E0,2022-04-24,Brighton,Southampton,76,76,77,75,75,77,76,76,43,33,24,25,318.0,274.3,2,2,D,2,1,H,8,18,5,5,12,7,6,6,1,0,0,0,1.87,0.93,1.02,0.64,2.27,0.53,6.82,8.13,2.1,3.4,3.6,2.2,3.25,3.4,2.15,3.35,3.45,2.19,3.34,3.76,2.15,3.2,3.6,2.1,3.25,3.5,2.15,3.33,3.91
E0,2022-04-24,Burnley,Wolverhampton Wanderers,76,78,77,79,75,80,76,78,35,38,27,24,138.05,376.95,1,0,H,0,0,D,14,10,5,4,8,7,3,6,3,1,0,0,1.27,0.59,1.23,0.5,2.0,0.72,12.64,6.4,2.7,3.0,2.87,2.65,3.0,2.85,2.7,3.05,2.85,2.73,3.15,2.95,2.62,3.1,2.8,2.63,3.0,2.8,2.57,3.14,3.17
E0,2022-04-24,Chelsea,West Ham,84,79,83,80,86,78,83,78,44,36,25,26,914.5,354.9,1,0,H,0,0,D,26,6,5,2,11,9,3,1,1,0,0,1,2.35,0.39,1.28,0.2,2.7,0.19,9.65,27.0,1.5,4.33,6.5,1.53,4.2,6.0,1.5,4.4,6.25,1.53,4.53,6.68,1.52,4.2,6.0,1.5,4.0,6.5,1.43,4.72,8.16
E0,2022-04-24,Liverpool,Everton,85,78,86,78,84,78,85,77,49,42,24,25,918.9,479.05,2,0,H,0,0,D,18,9,4,1,8,8,13,1,2,5,0,0,1.7,0.42,1.49,0.25,2.4,0.4,3.6,29.15,1.18,7.0,15.0,1.19,7.25,14.0,1.2,7.0,14.0,1.18,7.75,18.0,1.2,6.5,15.0,1.17,7.0,15.0,1.21,7.06,16.67
E0,2022-04-25,Crystal Palace,Leeds,76,76,76,77,76,78,75,75,33,35,25,23,271.05,299.45,0,0,D,0,0,D,17,9,7,2,12,13,6,3,2,2,0,0,1.62,0.37,0.88,0.35,2.4,0.4,5.63,6.12,2.05,3.5,3.5,2.0,3.6,3.5,2.1,3.55,3.5,2.11,3.69,3.6,2.0,3.5,3.6,2.05,3.4,3.5,2.44,3.49,2.99
E0,2022-04-28,Manchester United,Chelsea,83,84,85,83,83,86,81,83,43,44,25,25,769.15,914.5,1,1,D,0,0,D,6,21,3,6,9,12,2,9,0,1,0,0,0.62,2.47,0.58,2.33,0.27,2.61,22.46,7.38,3.2,3.4,2.25,3.2,3.75,2.1,3.15,3.45,2.25,3.23,3.68,2.27,3.1,3.5,2.2,3.1,3.4,2.2,3.6,3.62,2.13
E0,2022-04-30,Newcastle United,Liverpool,77,85,77,86,77,84,77,85,34,49,27,24,313.9,918.9,0,1,A,0,1,A,4,24,2,10,11,11,0,6,1,3,0,0,0.12,2.73,0.02,2.26,0.03,2.95,14.55,3.67,8.5,5.0,1.36,7.5,4.75,1.41,7.75,4.8,1.4,8.02,4.99,1.43,8.0,4.6,1.4,8.0,4.75,1.36,6.72,4.32,1.55
E0,2022-04-30,Aston Villa,Norwich,78,73,79,75,78,73,79,73,44,45,24,24,487.75,163.2,2,0,H,1,0,H,21,9,6,3,16,8,2,3,4,1,0,0,2.31,0.35,1.95,0.32,2.67,0.21,9.13,14.21,1.4,4.5,9.0,1.39,4.75,8.0,1.4,4.9,7.75,1.4,5.12,8.47,1.4,4.6,8.0,1.36,4.6,8.5,1.41,5.19,8.08
E0,2022-04-30,Southampton,Crystal Palace,76,76,75,76,77,76,76,75,33,33,25,25,274.3,271.05,1,2,A,1,0,H,8,14,3,5,13,11,6,7,1,3,0,0,0.65,0.76,0.56,0.56,1.23,1.4,10.67,10.64,2.4,3.3,3.1,2.35,3.3,3.0,2.4,3.3,3.0,2.47,3.35,3.13,2.35,3.3,3.0,2.3,3.25,3.0,2.53,3.16,3.22
E0,2022-04-30,Watford,Burnley,74,76,75,77,75,75,73,76,47,35,25,27,156.2,138.05,1,2,A,1,0,H,13,17,1,6,13,9,5,6,1,2,0,0,0.79,1.37,0.47,0.85,0.87,1.85,8.22,8.63,2.6,3.3,2.75,2.65,3.2,2.75,2.65,3.25,2.7,2.71,3.4,2.78,2.62,3.2,2.7,2.63,3.13,2.7,2.71,3.22,2.92
E0,2022-04-30,Wolverhampton Wanderers,Brighton,78,76,79,77,80,75,78,76,38,43,24,24,376.95,318.0,0,3,A,0,1,A,11,17,1,9,6,4,7,3,2,1,0,0,0.53,2.91,0.37,0.74,0.12,2.82,16.75,12.35,2.7,3.2,2.75,2.7,3.0,2.8,2.6,3.15,2.85,2.77,3.23,2.85,2.7,3.0,2.8,2.7,2.9,2.8,2.81,3.02,2.99
E0,2022-04-30,Leeds,Manchester City,76,85,77,84,78,87,75,86,35,39,23,24,299.45,1000.0,0,4,A,0,1,A,7,19,2,6,13,3,3,6,1,2,0,0,1.04,3.01,0.96,2.88,0.3,2.58,23.38,16.5,8.5,6.0,1.3,9.5,5.5,1.31,8.75,5.75,1.33,9.72,6.15,1.32,10.0,5.5,1.29,10.0,5.75,1.25,9.2,5.8,1.34
E0,2022-05-01,Everton,Chelsea,78,84,78,83,78,86,77,83,42,44,25,25,479.05,914.5,1,0,H,0,0,D,9,17,4,5,9,12,3,8,3,5,0,0,1.12,1.21,0.97,0.89,1.26,1.43,17.14,4.44,5.0,3.6,1.75,4.8,3.7,1.72,4.7,3.7,1.77,4.98,3.77,1.79,4.75,3.6,1.75,4.6,3.6,1.75,5.21,3.94,1.73
E0,2022-05-01,Tottenham,Leicester,81,80,83,80,80,81,79,79,45,40,23,25,689.35,526.549999,3,1,H,1,0,H,13,6,7,2,13,8,7,3,2,3,0,0,1.65,0.27,1.11,0.24,2.47,0.34,13.97,11.05,1.44,4.75,7.0,1.46,4.6,6.5,1.43,4.7,7.25,1.45,4.99,7.29,1.44,4.6,6.5,1.4,4.6,7.0,1.38,5.32,9.05
E0,2022-05-01,West Ham,Arsenal,79,80,80,82,78,80,78,77,36,41,26,23,354.9,613.05,1,2,A,1,1,D,8,13,3,7,8,9,3,7,2,2,0,0,0.45,0.96,0.35,0.92,0.86,1.79,17.5,16.63,4.33,3.8,1.8,4.5,3.7,1.77,4.7,3.75,1.75,4.68,3.92,1.8,4.33,3.75,1.78,4.5,3.6,1.75,4.57,3.92,1.83
E0,2022-05-02,Manchester United,Brentford,83,74,85,74,83,75,81,74,43,38,25,24,769.15,273.3,3,0,H,1,0,H,9,12,5,4,4,6,3,8,1,0,0,0,1.84,0.68,0.97,0.52,2.36,0.44,15.62,39.45,1.72,4.0,4.5,1.75,3.8,4.4,1.75,3.85,4.5,1.78,4.08,4.61,1.73,3.75,4.6,1.7,3.7,4.6,1.8,3.96,4.62
E0,2022-05-07,Brentford,Southampton,74,76,74,75,75,76,74,76,38,33,24,25,273.3,274.3,3,0,H,2,0,H,18,19,5,4,12,9,4,7,0,1,0,0,3.68,0.99,3.45,0.65,2.79,0.14,8.46,9.31,2.15,3.5,3.3,2.15,3.4,3.25,2.25,3.2,3.4,2.25,3.42,3.5,2.05,3.6,3.4,2.15,3.3,3.3,2.11,3.64,3.65
E0,2022-05-07,Burnley,Aston Villa,76,78,77,79,75,78,76,79,35,44,27,24,138.05,487.75,1,3,A,0,2,A,14,12,6,7,13,11,4,5,1,2,0,0,1.31,1.81,1.11,1.52,0.97,1.75,9.25,13.89,3.0,3.3,2.4,2.9,3.3,2.45,2.95,3.25,2.45,3.07,3.34,2.52,2.9,3.3,2.4,2.9,3.2,2.4,3.19,3.21,2.52
E0,2022-05-07,Chelsea,Wolverhampton Wanderers,84,79,84,79,85,80,83,78,44,38,25,24,914.5,376.95,2,2,D,0,0,D,19,14,6,4,7,11,9,3,1,3,0,0,1.82,1.68,0.77,1.43,1.49,1.25,9.64,18.31,1.33,5.0,9.5,1.36,4.8,9.25,1.35,4.9,9.0,1.36,5.1,10.4,1.33,4.75,10.0,1.33,4.6,10.0,1.38,4.94,9.9
E0,2022-05-07,Crystal Palace,Watford,76,74,77,75,76,75,75,74,33,47,25,25,271.05,156.2,1,0,H,1,0,H,15,6,7,1,11,18,8,5,2,1,0,1,2.49,0.26,1.15,0.22,2.84,0.09,7.53,12.52,1.65,4.0,5.0,1.68,3.75,5.25,1.67,3.9,5.25,1.7,3.95,5.45,1.65,3.8,5.25,1.65,3.7,5.25,1.7,3.89,5.59
E0,2022-05-07,Brighton,Manchester United,76,83,75,82,73,83,77,81,43,43,24,25,318.0,769.15,4,0,H,1,0,H,17,15,6,5,13,9,7,6,0,2,0,0,2.83,0.93,2.06,0.69,2.66,0.23,12.23,11.73,2.8,3.5,2.45,2.8,3.3,2.5,2.8,3.35,2.55,2.81,3.55,2.61,2.75,3.4,2.5,2.75,3.25,2.5,2.99,3.3,2.6
E0,2022-05-07,Liverpool,Tottenham,85,81,86,83,84,80,85,78,49,45,24,23,918.9,689.35,1,1,D,0,0,D,22,8,3,3,12,8,11,5,3,2,0,0,1.05,0.98,0.83,0.8,1.35,1.33,6.3,22.33,1.4,5.0,7.0,1.46,4.8,6.25,1.45,4.8,6.25,1.46,5.11,6.95,1.42,4.6,7.0,1.4,4.6,7.0,1.43,5.3,7.3
E0,2022-05-08,Arsenal,Leeds,80,76,77,77,80,77,77,75,41,35,23,23,613.05,299.45,2,1,H,2,0,H,19,3,9,2,13,15,8,2,2,2,0,1,2.72,0.7,1.33,0.67,2.67,0.22,8.82,20.4,1.45,4.5,7.0,1.42,5.0,6.75,1.45,4.7,6.75,1.46,5.01,7.04,1.44,4.6,6.5,1.44,4.5,6.5,1.54,4.56,6.38
E0,2022-05-08,Leicester,Everton,80,78,80,78,80,78,79,77,40,42,25,25,526.549999,479.05,1,2,A,1,2,A,16,10,9,4,11,6,6,1,3,0,0,0,1.47,1.56,1.06,1.1,1.28,1.44,7.56,22.53,2.6,3.3,2.75,2.45,3.4,2.8,2.6,3.3,2.8,2.71,3.35,2.82,2.5,3.25,2.8,2.55,3.25,2.7,2.74,3.3,2.83
E0,2022-05-08,Norwich,West Ham,73,79,75,80,73,78,73,78,45,36,24,26,163.2,354.9,0,4,A,0,3,A,8,13,2,5,7,7,9,5,1,1,0,0,0.78,3.26,0.67,1.13,0.08,2.87,22.58,16.64,4.5,3.8,1.75,4.4,3.8,1.75,4.4,3.8,1.77,4.68,3.88,1.81,4.2,3.7,1.8,4.5,3.6,1.75,4.94,4.15,1.72
E0,2022-05-08,Manchester City,Newcastle United,85,77,84,78,87,77,86,76,39,34,24,27,1000.0,313.9,5,0,H,2,0,H,21,7,9,3,6,11,8,2,1,3,0,0,4.06,1.0,3.21,0.97,2.88,0.08,8.35,28.0,1.16,7.0,17.0,1.16,8.0,16.5,1.2,7.5,13.0,1.19,7.66,17.22,1.17,7.0,17.0,1.13,7.5,18.0,1.17,8.25,18.0
E0,2022-05-10,Aston Villa,Liverpool,78,85,79,86,78,84,79,85,44,49,24,24,487.75,918.9,1,2,A,1,1,D,9,17,4,6,10,12,2,3,0,0,0,0,1.45,1.75,0.6,0.86,1.08,1.59,20.21,6.39,7.5,4.75,1.4,7.0,4.6,1.44,7.0,4.8,1.43,7.54,5.0,1.44,7.5,4.5,1.42,8.0,5.0,1.4,6.6,4.5,1.54
E0,2022-05-11,Leeds,Chelsea,76,84,77,84,77,85,75,83,35,44,23,25,299.45,914.5,0,3,A,0,1,A,5,17,0,4,10,14,1,5,1,0,1,0,0.5,1.47,0.47,1.34,0.61,2.12,21.35,9.85,4.75,4.2,1.65,4.75,4.0,1.66,4.8,4.2,1.65,5.15,4.25,1.68,5.0,4.0,1.63,4.8,3.9,1.65,4.95,4.19,1.71
E0,2022-05-11,Leicester,Norwich,80,73,80,75,80,73,79,73,40,45,25,24,526.549999,163.2,3,0,H,0,0,D,20,9,8,5,10,5,10,2,0,0,0,0,2.57,1.22,1.99,1.18,2.3,0.51,7.64,37.0,1.44,4.75,7.0,1.46,4.6,6.75,1.45,4.8,6.75,1.45,5.12,7.2,1.42,4.5,7.5,1.4,4.6,7.0,1.36,5.51,9.35
E0,2022-05-11,Watford,Everton,74,78,75,78,75,78,74,77,47,42,25,25,156.2,479.05,0,0,D,0,0,D,6,16,0,5,5,12,1,13,1,2,0,0,0.23,0.81,0.14,0.6,0.69,1.9,18.64,10.39,4.2,3.6,1.83,4.1,3.6,1.85,4.2,3.7,1.85,4.43,3.73,1.88,4.0,3.6,1.88,4.2,3.5,1.83,6.01,3.79,1.68
E0,2022-05-11,Wolverhampton Wanderers,Manchester City,79,85,79,84,80,87,78,86,38,39,24,24,376.95,1000.0,1,5,A,1,3,A,7,16,3,5,2,10,6,2,0,1,0,0,0.41,3.39,0.4,2.07,0.05,2.91,36.2,9.25,11.0,6.0,1.25,12.0,5.75,1.26,12.0,6.0,1.25,14.04,5.93,1.26,13.0,5.5,1.25,13.0,5.75,1.22,12.79,6.75,1.25
E0,2022-05-12,Tottenham,Arsenal,81,80,83,77,80,80,78,77,45,41,23,23,689.35,613.05,3,0,H,2,0,H,16,8,6,4,8,15,2,2,1,3,0,1,3.43,0.39,2.51,0.39,2.91,0.05,10.52,35.3,2.05,3.75,3.5,2.05,3.5,3.4,2.1,3.55,3.35,2.18,3.61,3.49,2.1,3.5,3.4,2.05,3.5,3.4,2.32,3.49,3.27
E0,2022-05-15,Tottenham,Burnley,81,76,83,77,80,75,78,76,45,35,23,27,689.35,138.05,1,0,H,1,0,H,21,8,8,1,12,8,8,2,3,2,0,0,2.39,0.63,1.54,0.54,2.6,0.27,9.06,16.14,1.33,5.25,9.0,1.34,5.25,9.0,1.33,5.25,9.5,1.34,5.53,9.3,1.33,5.0,9.0,1.3,5.25,9.0,1.32,5.75,10.72
E0,2022-05-15,Aston Villa,Crystal Palace,78,76,79,77,78,76,79,75,44,33,24,25,487.75,271.05,1,1,D,0,0,D,13,16,4,4,11,15,1,5,1,3,0,0,0.8,1.39,0.6,1.43,0.74,1.96,13.73,8.79,2.0,3.5,3.75,2.05,3.5,3.5,2.05,3.5,3.6,2.09,3.56,3.72,2.0,3.5,3.6,2.0,3.4,3.6,1.87,3.63,4.57
E0,2022-05-15,Leeds,Brighton,76,76,77,75,77,73,75,77,35,43,23,24,299.45,318.0,1,1,D,0,1,A,19,16,5,6,16,8,8,1,3,2,0,0,2.22,2.26,1.49,2.0,1.36,1.41,6.76,13.93,2.62,3.5,2.62,2.6,3.4,2.6,2.5,3.5,2.75,2.75,3.56,2.62,2.7,3.4,2.55,2.63,3.4,2.55,2.73,3.45,2.73
E0,2022-05-15,Watford,Leicester,74,80,75,80,75,80,74,79,47,40,25,25,156.2,526.549999,1,5,A,1,2,A,13,13,5,7,4,6,7,3,0,1,0,0,2.59,2.27,2.19,2.27,1.59,1.18,18.72,8.85,3.8,3.5,1.95,3.5,3.6,2.0,3.6,3.7,2.0,3.7,3.8,2.02,3.6,3.5,2.0,3.6,3.6,1.95,5.54,4.01,1.67
E0,2022-05-15,West Ham,Manchester City,79,85,80,84,78,87,78,86,36,39,26,24,354.9,1000.0,2,2,D,2,0,H,6,31,2,8,9,5,4,9,3,1,0,0,1.01,2.15,0.66,0.99,0.57,2.22,36.71,6.77,7.5,5.0,1.4,7.75,5.0,1.38,7.25,5.25,1.4,8.28,5.28,1.39,8.0,5.0,1.36,8.0,5.0,1.33,8.32,5.43,1.39
E0,2022-05-15,Wolverhampton Wanderers,Norwich,78,73,79,75,80,73,78,73,38,45,24,24,376.95,163.2,1,1,D,0,1,A,17,11,4,2,5,10,5,3,0,3,0,0,1.0,1.53,0.75,1.51,0.92,1.8,13.47,22.38,1.45,4.75,6.5,1.46,4.4,7.0,1.47,4.5,6.75,1.49,4.56,7.12,1.44,4.33,7.5,1.4,4.33,8.0,1.57,4.44,5.9
E0,2022-05-15,Everton,Brentford,78,74,78,74,78,75,77,74,42,38,25,24,479.05,273.3,2,3,A,2,1,H,10,18,5,7,8,8,5,2,0,3,2,0,2.7,1.82,1.39,1.08,2.03,0.77,27.55,5.86,2.05,3.6,3.5,2.1,3.5,3.4,2.05,3.5,3.6,2.13,3.62,3.55,2.1,3.4,3.4,2.05,3.3,3.6,1.93,3.64,4.32
E0,2022-05-16,Newcastle United,Arsenal,77,80,78,77,77,80,77,77,34,41,27,23,313.9,613.05,2,0,H,0,0,D,16,11,4,2,11,8,12,8,0,3,0,0,1.68,0.49,1.16,0.35,2.33,0.46,7.26,11.14,4.33,3.6,1.83,4.0,3.6,1.87,4.3,3.65,1.83,4.31,3.72,1.89,4.0,3.6,1.88,4.1,3.5,1.85,4.31,3.85,1.81
E0,2022-05-17,Southampton,Liverpool,76,85,75,86,76,84,76,85,33,49,25,24,274.3,918.9,1,2,A,1,1,D,4,24,2,5,6,6,1,9,2,0,0,0,0.12,1.19,0.05,1.03,0.4,2.3,19.0,7.75,7.5,5.5,1.33,7.75,5.25,1.36,7.5,5.5,1.35,8.15,5.53,1.38,8.5,5.0,1.35,7.5,5.5,1.36,6.93,5.24,1.45
E0,2022-05-19,Everton,Crystal Palace,78,76,78,77,78,76,77,75,42,33,25,25,479.05,271.05,3,2,H,0,2,A,12,7,6,5,9,13,4,5,2,3,0,0,0.81,1.6,0.66,0.6,0.61,2.13,13.55,7.12,1.9,3.4,4.33,1.93,3.4,4.0,1.85,3.55,4.3,1.98,3.46,4.25,1.95,3.3,4.2,1.9,3.4,4.1,1.9,3.54,4.64
E0,2022-05-19,Aston Villa,Burnley,78,76,79,77,78,75,79,76,44,35,24,27,487.75,138.05,1,1,D,0,1,A,22,10,9,5,11,20,13,6,0,1,0,1,1.0,1.63,0.81,0.79,0.77,1.99,7.07,20.0,2.05,3.5,3.6,1.98,3.5,3.7,2.1,3.45,3.5,2.07,3.59,3.75,2.0,3.4,3.7,1.95,3.4,3.7,2.04,3.46,4.1
E0,2022-05-19,Chelsea,Leicester,84,80,84,80,85,80,83,79,44,40,25,25,914.5,526.549999,1,1,D,1,1,D,20,2,7,1,13,7,6,0,4,1,0,0,1.62,0.04,1.46,0.01,2.66,0.18,8.88,36.17,1.4,4.75,8.0,1.38,4.75,8.5,1.4,4.6,8.75,1.39,4.97,9.07,1.35,4.75,9.0,1.33,5.0,8.5,1.44,4.87,7.49
E0,2022-05-22,Arsenal,Everton,80,78,77,78,80,78,77,77,41,42,23,25,613.05,479.05,5,1,H,2,1,H,26,6,9,2,8,9,12,2,0,1,0,0,4.36,1.09,1.89,1.09,2.92,0.05,4.8,49.67,1.36,4.75,9.0,1.38,5.0,7.75,1.37,4.9,8.5,1.37,5.13,9.24,1.35,4.75,9.0,1.33,5.0,8.5,1.36,5.61,8.84
E0,2022-05-22,Brentford,Leeds,74,76,74,77,75,77,74,75,38,35,24,23,273.3,299.45,1,2,A,0,0,D,14,14,5,6,11,13,3,2,2,1,1,0,0.84,1.48,0.79,0.54,0.78,1.95,9.81,13.1,2.45,3.8,2.62,2.4,3.6,2.75,2.45,3.6,2.75,2.38,3.9,2.85,2.4,3.6,2.75,2.38,3.6,2.7,2.38,3.9,2.89
E0,2022-05-22,Brighton,West Ham,76,79,75,80,73,78,77,78,43,36,24,26,318.0,354.9,3,1,H,0,1,A,18,7,7,2,9,9,5,6,1,1,0,0,1.68,0.27,1.51,0.15,2.49,0.32,17.29,16.64,2.37,3.5,2.9,2.35,3.5,2.87,2.4,3.5,2.85,2.38,3.69,2.97,2.4,3.4,2.88,2.3,3.4,2.9,2.75,3.4,2.74
E0,2022-05-22,Burnley,Newcastle United,76,77,77,78,75,77,76,77,35,34,27,27,138.05,313.9,1,2,A,0,1,A,12,8,5,6,8,9,8,2,1,0,0,0,1.49,1.74,0.99,0.92,1.13,1.57,21.0,7.47,2.25,3.4,3.2,2.15,3.4,3.25,2.2,3.45,3.25,2.27,3.51,3.3,2.2,3.3,3.3,2.2,3.3,3.2,2.55,3.31,3.05
E0,2022-05-22,Chelsea,Watford,84,74,84,75,85,75,83,74,44,47,25,25,914.5,156.2,2,1,H,1,0,H,19,8,8,3,9,9,3,3,0,0,0,0,2.59,0.58,2.5,0.44,2.68,0.22,6.38,30.07,1.18,7.5,15.0,1.18,7.5,15.5,1.22,7.0,13.0,1.16,8.35,18.77,1.15,7.0,19.0,1.13,7.5,18.0,1.18,7.58,17.72
E0,2022-05-22,Crystal Palace,Manchester United,76,83,77,82,76,83,75,81,33,43,25,25,271.05,769.15,1,0,H,1,0,H,6,10,3,4,12,22,3,6,2,4,0,0,0.35,0.78,0.28,0.54,0.84,1.75,15.5,5.89,3.0,3.6,2.25,3.0,3.5,2.25,3.15,3.55,2.2,3.15,3.79,2.24,3.0,3.5,2.25,3.0,3.5,2.2,2.82,3.57,2.59
E0,2022-05-22,Leicester,Southampton,80,76,80,75,80,76,79,76,40,33,25,25,526.549999,274.3,4,1,H,0,0,D,12,7,6,2,10,5,3,3,0,1,0,0,3.42,1.05,2.76,0.22,2.79,0.14,12.44,12.6,1.85,4.0,3.8,1.85,3.9,3.8,1.85,3.95,3.8,1.88,4.13,3.91,1.88,3.8,3.75,1.83,3.8,3.8,1.7,4.39,4.67
E0,2022-05-22,Liverpool,Wolverhampton Wanderers,85,78,86,79,84,80,85,78,49,38,24,24,918.9,376.95,3,1,H,1,1,D,29,7,8,5,6,3,5,3,1,0,0,0,3.19,1.12,2.74,1.12,2.61,0.28,10.28,33.36,1.14,8.5,15.0,1.16,7.75,15.0,1.17,7.75,16.0,1.15,8.49,21.36,1.15,7.0,19.0,1.13,8.0,19.0,1.14,9.75,19.0
E0,2022-05-22,Manchester City,Aston Villa,85,78,84,79,87,78,86,79,39,44,24,24,1000.0,487.75,3,2,H,0,1,A,24,4,5,2,5,11,13,1,0,1,0,0,3.32,0.25,3.21,0.25,2.95,0.03,7.29,23.5,1.16,8.0,17.0,1.17,8.0,15.0,1.15,7.5,18.0,1.15,8.74,20.27,1.15,7.0,19.0,1.13,7.5,18.0,1.17,8.4,17.0
E0,2022-05-22,Norwich,Tottenham,73,81,75,83,73,80,73,78,45,45,24,23,163.2,689.35,0,5,A,0,2,A,9,19,0,13,13,7,3,2,3,1,0,0,0.31,3.82,0.19,3.35,0.02,2.96,16.79,17.07,9.5,6.5,1.25,11.0,6.5,1.24,11.0,6.25,1.25,11.2,6.23,1.27,10.0,6.0,1.25,11.5,6.0,1.22,9.82,5.51,1.34
